-- --------------------------------------------------------
-- Host:                         127.0.0.1
-- Server version:               8.0.26 - MySQL Community Server - GPL
-- Server OS:                    Win64
-- HeidiSQL Version:             12.5.0.6677
-- --------------------------------------------------------

/*!40101 SET @OLD_CHARACTER_SET_CLIENT=@@CHARACTER_SET_CLIENT */;
/*!40101 SET NAMES utf8 */;
/*!50503 SET NAMES utf8mb4 */;
/*!40103 SET @OLD_TIME_ZONE=@@TIME_ZONE */;
/*!40103 SET TIME_ZONE='+00:00' */;
/*!40014 SET @OLD_FOREIGN_KEY_CHECKS=@@FOREIGN_KEY_CHECKS, FOREIGN_KEY_CHECKS=0 */;
/*!40101 SET @OLD_SQL_MODE=@@SQL_MODE, SQL_MODE='NO_AUTO_VALUE_ON_ZERO' */;
/*!40111 SET @OLD_SQL_NOTES=@@SQL_NOTES, SQL_NOTES=0 */;


-- Dumping database structure for myproject
CREATE DATABASE IF NOT EXISTS `myproject` /*!40100 DEFAULT CHARACTER SET utf8mb4 COLLATE utf8mb4_0900_ai_ci */ /*!80016 DEFAULT ENCRYPTION='N' */;
USE `myproject`;

-- Dumping structure for table myproject.admin
CREATE TABLE IF NOT EXISTS `admin` (
  `email` varchar(50) CHARACTER SET utf8mb4 COLLATE utf8mb4_0900_ai_ci NOT NULL,
  `code` varchar(50) CHARACTER SET utf8mb4 COLLATE utf8mb4_0900_ai_ci DEFAULT '0',
  `fname` varchar(50) DEFAULT NULL,
  `lname` varchar(50) DEFAULT NULL,
  `mobile` int DEFAULT NULL,
  PRIMARY KEY (`email`)
) ENGINE=InnoDB DEFAULT CHARSET=utf8mb4 COLLATE=utf8mb4_0900_ai_ci;

-- Dumping data for table myproject.admin: ~4 rows (approximately)
INSERT INTO `admin` (`email`, `code`, `fname`, `lname`, `mobile`) VALUES
	('admin@gmail.com', '0', 'admin', 'admin', NULL),
	('chalithachamod3031@gmail.com', '647757f35f353', 'chal', 'itha', NULL),
	('chalithachamod31@gmail.com', '63bcad9391da0', NULL, NULL, NULL),
	('chamodnadeeshan91@gmail.com', '63bd1817a2658', 'cham', 'od', NULL);

-- Dumping structure for table myproject.brand
CREATE TABLE IF NOT EXISTS `brand` (
  `id` int NOT NULL AUTO_INCREMENT,
  `name` varchar(50) NOT NULL,
  PRIMARY KEY (`id`)
) ENGINE=InnoDB AUTO_INCREMENT=23 DEFAULT CHARSET=utf8mb4 COLLATE=utf8mb4_0900_ai_ci;

-- Dumping data for table myproject.brand: ~17 rows (approximately)
INSERT INTO `brand` (`id`, `name`) VALUES
	(2, 'Apple'),
	(6, 'realme'),
	(7, 'OnePlus'),
	(8, 'ASUS ROG'),
	(10, 'oppo'),
	(11, 'acer'),
	(12, 'msi'),
	(13, 'asus'),
	(14, 'Dell'),
	(15, 'Hp'),
	(16, 'camera'),
	(17, 'drone'),
	(18, 'mouse & keyboard'),
	(19, 'back cover'),
	(20, 'Mi'),
	(21, 'Samsung'),
	(22, 'ccc');

-- Dumping structure for table myproject.cart
CREATE TABLE IF NOT EXISTS `cart` (
  `id` int NOT NULL AUTO_INCREMENT,
  `product_id` int NOT NULL,
  `user_email` varchar(50) CHARACTER SET utf8mb4 COLLATE utf8mb4_0900_ai_ci NOT NULL,
  `qty` int NOT NULL,
  PRIMARY KEY (`id`),
  KEY `FK_cart_product` (`product_id`),
  KEY `FK_cart_user` (`user_email`),
  CONSTRAINT `FK_cart_product` FOREIGN KEY (`product_id`) REFERENCES `product` (`id`),
  CONSTRAINT `FK_cart_user` FOREIGN KEY (`user_email`) REFERENCES `user` (`email`)
) ENGINE=InnoDB AUTO_INCREMENT=196 DEFAULT CHARSET=utf8mb4 COLLATE=utf8mb4_0900_ai_ci;

-- Dumping data for table myproject.cart: ~6 rows (approximately)
INSERT INTO `cart` (`id`, `product_id`, `user_email`, `qty`) VALUES
	(38, 4, 'chamodnadeeshan91@gmail.com', 2),
	(39, 8, 'chamodnadeeshan91@gmail.com', 1),
	(40, 30, 'chalithachamod31@gmail.com', 2),
	(186, 62, 'abcdef@gmail.com', 1),
	(188, 69, 'chamodnadeeshan91@gmail.com', 1),
	(189, 39, 'chamodnadeeshan91@gmail.com', 1);

-- Dumping structure for table myproject.category
CREATE TABLE IF NOT EXISTS `category` (
  `id` int NOT NULL AUTO_INCREMENT,
  `name` varchar(50) NOT NULL,
  PRIMARY KEY (`id`)
) ENGINE=InnoDB AUTO_INCREMENT=20 DEFAULT CHARSET=utf8mb4 COLLATE=utf8mb4_0900_ai_ci;

-- Dumping data for table myproject.category: ~6 rows (approximately)
INSERT INTO `category` (`id`, `name`) VALUES
	(1, 'Cell Phone  & Accessries'),
	(2, 'computer & Tablets'),
	(3, 'Cameras'),
	(4, 'Camaera Drones'),
	(5, 'Mouse & Keyboard'),
	(6, 'Mobile Back Covers');

-- Dumping structure for table myproject.city
CREATE TABLE IF NOT EXISTS `city` (
  `id` int NOT NULL AUTO_INCREMENT,
  `name` varchar(50) NOT NULL,
  `postal_code` varchar(6) CHARACTER SET utf8mb4 COLLATE utf8mb4_0900_ai_ci NOT NULL,
  `district_id` int NOT NULL,
  PRIMARY KEY (`id`),
  KEY `FK__district` (`district_id`),
  CONSTRAINT `FK__district` FOREIGN KEY (`district_id`) REFERENCES `district` (`id`)
) ENGINE=InnoDB AUTO_INCREMENT=8 DEFAULT CHARSET=utf8mb4 COLLATE=utf8mb4_0900_ai_ci;

-- Dumping data for table myproject.city: ~7 rows (approximately)
INSERT INTO `city` (`id`, `name`, `postal_code`, `district_id`) VALUES
	(1, 'alawwa', '60280', 7),
	(2, '	Badulla', '90000', 20),
	(3, 'Moratuwa', '10400', 9),
	(4, 'colombo', '11500', 9),
	(5, 'Dambulla', '21100', 13),
	(6, 'Sri Jayawardenepura', '10100', 9),
	(7, 'Puttalam', '61300', 7);

-- Dumping structure for table myproject.colour
CREATE TABLE IF NOT EXISTS `colour` (
  `id` int NOT NULL AUTO_INCREMENT,
  `name` varchar(50) NOT NULL,
  PRIMARY KEY (`id`)
) ENGINE=InnoDB AUTO_INCREMENT=11 DEFAULT CHARSET=utf8mb4 COLLATE=utf8mb4_0900_ai_ci;

-- Dumping data for table myproject.colour: ~10 rows (approximately)
INSERT INTO `colour` (`id`, `name`) VALUES
	(1, 'black'),
	(2, 'white'),
	(3, 'gold'),
	(4, 'blue'),
	(5, 'silver'),
	(6, 'red'),
	(7, 'green'),
	(8, 'Grey'),
	(9, 'Transparent'),
	(10, 'pata pata');

-- Dumping structure for table myproject.condition
CREATE TABLE IF NOT EXISTS `condition` (
  `id` int NOT NULL AUTO_INCREMENT,
  `name` varchar(50) CHARACTER SET utf8mb4 COLLATE utf8mb4_0900_ai_ci NOT NULL,
  PRIMARY KEY (`id`)
) ENGINE=InnoDB AUTO_INCREMENT=3 DEFAULT CHARSET=utf8mb4 COLLATE=utf8mb4_0900_ai_ci;

-- Dumping data for table myproject.condition: ~2 rows (approximately)
INSERT INTO `condition` (`id`, `name`) VALUES
	(1, 'Brand new'),
	(2, '  Used');

-- Dumping structure for table myproject.district
CREATE TABLE IF NOT EXISTS `district` (
  `id` int NOT NULL AUTO_INCREMENT,
  `name` varchar(50) NOT NULL,
  `province_id` int NOT NULL,
  PRIMARY KEY (`id`),
  KEY `FK_district_province` (`province_id`),
  CONSTRAINT `FK_district_province` FOREIGN KEY (`province_id`) REFERENCES `province` (`id`)
) ENGINE=InnoDB AUTO_INCREMENT=26 DEFAULT CHARSET=utf8mb4 COLLATE=utf8mb4_0900_ai_ci;

-- Dumping data for table myproject.district: ~25 rows (approximately)
INSERT INTO `district` (`id`, `name`, `province_id`) VALUES
	(1, 'Jaffna', 3),
	(2, 'Kilinochchi', 3),
	(3, 'Mannar', 3),
	(4, 'Mullaitivu', 3),
	(5, 'Vavuniya', 3),
	(6, 'Puttalam', 6),
	(7, 'Kurunegala', 6),
	(8, 'Gampaha', 5),
	(9, 'Colombo', 5),
	(10, 'Anuradhapura', 7),
	(11, 'Polonnaruwa', 7),
	(12, 'Matale', 1),
	(13, 'Kandy', 1),
	(14, 'Nuwara Eliya', 1),
	(15, 'Kegalle', 9),
	(16, 'Ratnapura', 9),
	(17, 'Trincomalee', 2),
	(18, 'Batticaloa', 2),
	(19, 'Ampara', 2),
	(20, 'Badulla', 8),
	(21, 'Monaragala', 8),
	(22, 'Hambantota', 4),
	(23, 'Matara', 4),
	(24, 'Galle', 4),
	(25, 'kaluthara', 5);

-- Dumping structure for table myproject.feedback
CREATE TABLE IF NOT EXISTS `feedback` (
  `id` int NOT NULL AUTO_INCREMENT,
  `user_email` varchar(50) NOT NULL,
  `product_id` int NOT NULL,
  `feed` text NOT NULL,
  `date` datetime NOT NULL,
  `star` int NOT NULL,
  `invoice_id` int DEFAULT NULL,
  PRIMARY KEY (`id`),
  KEY `FK_feedback_user` (`user_email`),
  KEY `FK_feedback_product` (`product_id`),
  KEY `FK_feedback_invoice` (`invoice_id`),
  CONSTRAINT `FK_feedback_invoice` FOREIGN KEY (`invoice_id`) REFERENCES `invoice` (`id`),
  CONSTRAINT `FK_feedback_product` FOREIGN KEY (`product_id`) REFERENCES `product` (`id`),
  CONSTRAINT `FK_feedback_user` FOREIGN KEY (`user_email`) REFERENCES `user` (`email`)
) ENGINE=InnoDB AUTO_INCREMENT=14 DEFAULT CHARSET=utf8mb4 COLLATE=utf8mb4_0900_ai_ci;

-- Dumping data for table myproject.feedback: ~10 rows (approximately)
INSERT INTO `feedback` (`id`, `user_email`, `product_id`, `feed`, `date`, `star`, `invoice_id`) VALUES
	(4, 'chamodnadeeshan91@gmail.com', 10, 'Averyage Ly Good', '2022-08-27 23:26:49', 2, 32),
	(5, 'chamodnadeeshan91@gmail.com', 3, 'Good Quality Product Seller Recommended', '2022-08-27 23:37:10', 4, 23),
	(6, 'chalithachamod3031@gmail.com', 10, 'Good Quality Product Seller Recommended', '2022-08-27 23:38:36', 4, 24),
	(7, 'chamodnadeeshan91@gmail.com', 12, 'Good Product Very Satisfied', '2022-09-10 14:46:37', 4, 38),
	(8, 'chalithachamod3031@gmail.com', 10, 'Packing was not good product dammaged', '2022-09-10 14:48:06', 1, 37),
	(9, 'chalithachamod3031@gmail.com', 1, 'Very Good Product Thank You Seller', '2022-09-19 17:35:17', 3, 45),
	(10, 'chalithachamod3031@gmail.com', 9, 'Ado patta eka', '2023-01-17 15:50:48', 3, 46),
	(11, 'chalithachamod3031@gmail.com', 7, 'patta 4n eka', '2023-05-06 14:38:48', 2, 72),
	(12, 'chalithachamod3031@gmail.com', 7, 'wedk ne phone eka ', '2023-05-06 15:50:22', 1, 74),
	(13, 'chalithachamod3031@gmail.com', 28, 'ek lasnnai', '2023-05-07 11:44:23', 4, 110);

-- Dumping structure for table myproject.gender
CREATE TABLE IF NOT EXISTS `gender` (
  `id` int NOT NULL AUTO_INCREMENT,
  `name` varchar(10) DEFAULT NULL,
  PRIMARY KEY (`id`)
) ENGINE=InnoDB AUTO_INCREMENT=4 DEFAULT CHARSET=utf8mb4 COLLATE=utf8mb4_0900_ai_ci;

-- Dumping data for table myproject.gender: ~3 rows (approximately)
INSERT INTO `gender` (`id`, `name`) VALUES
	(1, 'male'),
	(2, 'female'),
	(3, 'other');

-- Dumping structure for table myproject.images
CREATE TABLE IF NOT EXISTS `images` (
  `code` varchar(100) CHARACTER SET utf8mb4 COLLATE utf8mb4_0900_ai_ci NOT NULL,
  `product_id` int DEFAULT NULL,
  PRIMARY KEY (`code`),
  KEY `FK_images_product` (`product_id`),
  CONSTRAINT `FK_images_product` FOREIGN KEY (`product_id`) REFERENCES `product` (`id`)
) ENGINE=InnoDB DEFAULT CHARSET=utf8mb4 COLLATE=utf8mb4_0900_ai_ci;

-- Dumping data for table myproject.images: ~63 rows (approximately)
INSERT INTO `images` (`code`, `product_id`) VALUES
	('resources//mobile images//realme 7.webp', 1),
	('resources//products//62126fce1a33doppo.jpg', 2),
	('resources//mobile images//iphone 12 pro.jpg', 3),
	('resources//mobile images//asus rog 3.jpg', 4),
	('resources//mobile images//OnePlus 8T.jpg', 5),
	('resources//computer images//acer.jpg', 6),
	('resources//computer images//msi.jpg', 7),
	('resources//computer images//asus.jpg', 8),
	('resources//computer images//hp.jpg', 9),
	('resources//computer images//dell.jpg', 10),
	('resources//camera images//camera nikon.jpg', 11),
	('resources//camera images//canon camera.jpg', 12),
	('resources//camera images//nikon d850.jpg', 13),
	('resources//camera images//nikon d56.jpg', 14),
	('resources//camera images//conon eos.jpg', 15),
	('resources//drone images//drone.jpg', 16),
	('resources//drone images//drone 2.webp', 17),
	('resources//drone images//drone 3.webp', 18),
	('resources//drone images//drone 4.webp', 19),
	('resources//drone images//drone 5.webp', 20),
	('resources//mouse & keyboard//mouse.png', 21),
	('resources//mouse & keyboard//keyboard 1.jpg', 22),
	('resources//mouse & keyboard//mouse 2.jpg', 23),
	('resources//mouse & keyboard//mouse 3.jpg', 24),
	('resources//mouse & keyboard//mouse 4.jpg', 25),
	('resources//back cover//iphone.jpg', 26),
	('resources//back cover//back cover 2.jpg', 27),
	('resources//back cover//cover 3.jpg', 28),
	('resources//back cover//cover 4.jpg', 29),
	('resources//back cover//cover 5.jpg', 30),
	('resources//products//61e3d0c596fe41.jpg', 39),
	('resources//products//622e3225e95e6a.jpg', 55),
	('resources//products//622e3225ea965a2.jpg', 55),
	('resources//products//622e3225eb527a3.jpg', 55),
	('resources//products//63bb05105d889WhatsApp I.jpg', 56),
	('resources//products//63bb05105e541chalitha.png', 56),
	('resources//products//63bb05c2293bcch.jpg', 57),
	('resources//products//63bb05c22a1b9chalitha.png', 57),
	('resources//products//63bb05c22b23bmy.jpg', 57),
	('resources//products//63be77212ebeeprofile.png', 58),
	('resources//products//63be801d97546user2.jpg', 59),
	('resources//products//63c412389a4b3new image (3).jpg', 60),
	('resources//products//63c4552643e8adownload.jpg', 62),
	('resources//products//63c45526449c0asus rog.jpg', 62),
	('resources//products//63c4552645632shoplogo.jpg', 62),
	('resources//products//63c45c81da7031597380770151.jpg', 63),
	('resources//products//63c4562599122shoplogo2.jpg', 64),
	('resources//products//63c4562599b27shoplogo1.jpg', 64),
	('resources//products//63c456259a521shoplogo.jpg', 64),
	('resources//products//63c4578f91eccshoplogo.jpg', 65),
	('resources//products//63c4578f92b7cshoplogo.jpg', 65),
	('resources//products//63c4578f93b0bshoplogo1.jpg', 65),
	('resources//products//63c457ae220ddshoplogo.jpg', 66),
	('resources//products//63c457ae22c72shoplogo.jpg', 66),
	('resources//products//63c457ae2379fshoplogo1.jpg', 66),
	('resources//products//63c45861369addownload.jpg', 67),
	('resources//products//63c458613740acustom bk.jpg', 67),
	('resources//products//63c4586138421download (1).jpg', 67),
	('resources//products//63c59dba85d51Nokia.jpg', 68),
	('resources//products//63c59dba868acpeLCXv98.jpg', 68),
	('resources//products//64562b5330cb3realme.jpeg', 69),
	('resources//products//64562b5331b7cASUS ROG 3.jpeg', 69),
	('resources//products//64562b53326deiphone.jpeg', 69);

-- Dumping structure for table myproject.invoice
CREATE TABLE IF NOT EXISTS `invoice` (
  `id` int NOT NULL AUTO_INCREMENT,
  `order_id` varchar(80) CHARACTER SET utf8mb4 COLLATE utf8mb4_0900_ai_ci NOT NULL,
  `product_id` int NOT NULL,
  `user_email` varchar(100) NOT NULL,
  `date` datetime NOT NULL,
  `total` double NOT NULL,
  `qty` int NOT NULL,
  `status` int DEFAULT '0',
  `stripe_id` varchar(200) CHARACTER SET utf8mb4 COLLATE utf8mb4_0900_ai_ci DEFAULT NULL,
  `payment_intent_id` varchar(200) CHARACTER SET utf8mb4 COLLATE utf8mb4_0900_ai_ci DEFAULT NULL,
  `payment_request_id` int DEFAULT NULL,
  `hidden` int DEFAULT '0',
  PRIMARY KEY (`id`),
  KEY `product_id` (`product_id`),
  KEY `user_email` (`user_email`),
  KEY `FK_invoice_payment_request` (`payment_request_id`),
  CONSTRAINT `FK_invoice_payment_request` FOREIGN KEY (`payment_request_id`) REFERENCES `payment_request` (`id`),
  CONSTRAINT `FK_invoice_product` FOREIGN KEY (`product_id`) REFERENCES `product` (`id`),
  CONSTRAINT `FK_invoice_user` FOREIGN KEY (`user_email`) REFERENCES `user` (`email`)
) ENGINE=InnoDB AUTO_INCREMENT=117 DEFAULT CHARSET=utf8mb4 COLLATE=utf8mb4_0900_ai_ci;

-- Dumping data for table myproject.invoice: ~86 rows (approximately)
INSERT INTO `invoice` (`id`, `order_id`, `product_id`, `user_email`, `date`, `total`, `qty`, `status`, `stripe_id`, `payment_intent_id`, `payment_request_id`, `hidden`) VALUES
	(1, '63b5c2f937532', 4, 'chalithachamod3031@gmail.com', '2022-06-21 22:22:22', 15000, 5, 3, NULL, NULL, NULL, 0),
	(22, '63b5da531dcbb', 55, 'chalithachamod3031@gmail.com', '2023-01-05 01:28:11', 360290, 1, 4, 'cs_test_a1zVxZEPQZJTUHhfmTu4QerevVIRCbGmVpbNUwmCbDq1kfMhnNoBzHrtiv', 'pi_3MMd6AGMMKXamS2011THKS4G', 24, 0),
	(23, '63b5da897d82d', 55, 'chalithachamod3031@gmail.com', '2023-01-05 01:29:05', 360290, 1, 4, 'cs_test_a1yWQuyAB3iL1UpoLetAPmMtV1QORw3fAWwy5EFFF3kMdFu0u85giSkLRZ', 'pi_3MMd72GMMKXamS200qxEKtnI', 25, 0),
	(24, '63b5dd9824d56', 39, 'chalithachamod3031@gmail.com', '2023-01-05 01:42:08', 10290, 1, 0, 'cs_test_a1311mRn5XLURamSY9RTs7EfSJeSCZCAEXiUrr95Zg8UKwNBlRys5acF0B', 'pi_3MMdJfGMMKXamS201lIjd0iz', 26, 0),
	(25, '63b676b183be1', 39, 'chalithachamod3031@gmail.com', '2023-01-05 12:35:21', 10290, 1, 4, 'cs_test_a1W3eRqj1rns2ZTQsVwbiF8WK7wFgqNA5Ed2OiX4RLovHLWkbuOH3HXTNp', 'pi_3MMnVpGMMKXamS200UHyCWK7', 27, 0),
	(26, '63b67b78ace4a', 55, 'chalithachamod3031@gmail.com', '2023-01-05 12:55:44', 360290, 1, 0, 'cs_test_a1z3k3ndLxUbN6fS8mKmUaoJ6dGm0QhPL4uCirq4asHF0ll7NbP0gxpCc4', 'pi_3MMnpYGMMKXamS200Yg9QVUQ', 28, 0),
	(27, '63b67bc363fb7', 39, 'chalithachamod3031@gmail.com', '2023-01-05 12:56:59', 10290, 1, 0, 'cs_test_a1nGGHvqrXYDNF9qsO5OHMsTUjPdi9BCyLiRBHiHw6AksB7dfzdKae9f0I', 'pi_3MMnqlGMMKXamS201i5B4HvN', 29, 0),
	(28, '63b67c332b273', 2, 'chalithachamod3031@gmail.com', '2023-01-05 12:58:51', 290, 3, 0, 'cs_test_a1ioWbdEvRjFxtJbSDZSxzrGMdSoySXhaOKHvYvmxTFFVNFuwyQvUvXxKU', 'pi_3MMnsZGMMKXamS201kdovS0m', 32, 0),
	(29, '63b67fad4a5b7', 30, 'chalithachamod3031@gmail.com', '2023-01-05 13:13:41', 1140, 1, 0, 'cs_test_a1EwCachhlCG7tJeqph7R8NJnYhUmP2q9hS9vLvKsCVhHUjTpwTuBRi157', 'pi_3MMo6vGMMKXamS201Xx3fX8c', 33, 0),
	(30, '63b67febdd98c', 22, 'chalithachamod3031@gmail.com', '2023-01-05 13:14:43', 2690, 1, 0, 'cs_test_a1XDWTRJbBH0inJO7McuVhj2ai4rMyzFczxZY5gztRt3YiIXneeZXHHBjp', 'pi_3MMo7vGMMKXamS200lUMJihQ', 34, 0),
	(31, '63b686d2926f5', 25, 'chalithachamod3031@gmail.com', '2023-01-05 13:44:10', 12790, 2, 0, 'cs_test_a1xv1MdAX9dKLPU3vLbH6MwuuvBKe3j9NjGZILsXpmP4SyGswOh76Jv6Wv', 'pi_3MMoaQGMMKXamS201Q3H8q4s', 35, 0),
	(32, '63b6873325fa1', 28, 'chalithachamod3031@gmail.com', '2023-01-05 13:45:47', 3290, 4, 0, 'cs_test_a1sTf6w93EHSlBsFdIRMCnEVCQThi4eI05DiOsHBUqK8odSvs3SWOOMmzG', 'pi_3MMobyGMMKXamS201g8nkcxj', 36, 0),
	(33, '63b6881aa75c9', 22, 'chalithachamod3031@gmail.com', '2023-01-05 13:49:38', 19490, 8, 0, 'cs_test_a1KROnUqC8xPirRZTUcHRSgOHhNUUQqYyPK6B37d39wLqKfUQwMZqT72uX', 'pi_3MMofiGMMKXamS2014Uf368R', 37, 0),
	(34, '63b68b10d4459', 22, 'chalithachamod3031@gmail.com', '2023-01-05 14:02:16', 9890, 4, 0, 'cs_test_a127rg7lBXdRRJp3ypP426Vb3Z8x4j38m2Cg0qhsUkTdNVWzJOFfPO2wUJ', 'pi_3MMorPGMMKXamS201amt5LT9', 38, 0),
	(35, '63b68b771e11e', 39, 'chalithachamod3031@gmail.com', '2023-01-05 14:03:59', 10290, 1, 0, 'cs_test_a1oEPeuDrBdk5CY4EfLswh903vXAOZoejDU5WF4Uqlbym9UCGd4Ur705xk', 'pi_3MMotaGMMKXamS200Slp4cRt', 39, 0),
	(36, '63b6922d5b1ae', 22, 'chalithachamod3031@gmail.com', '2023-01-05 14:32:37', 2690, 1, 0, 'cs_test_a1R5VgbwrEJal3PcWnDTppLjsZwpx4zniN0ozI9dMHx1xUtENDNk7j3RLR', 'pi_3MMpLJGMMKXamS2000yPKfnM', 40, 0),
	(37, '63b854c55186e', 9, 'chalithachamod3031@gmail.com', '2023-01-06 22:35:09', 250290, 1, 0, 'cs_test_a1vo7BDOuyglyutHOwuZM9q7JaNzieCYJ0E8ugzhBPW9Z4hhsXTXU3hLcx', 'pi_3MNJLnGMMKXamS2016uYOky8', 42, 0),
	(38, '63ba75fd8105a', 24, 'chalithachamod3031@gmail.com', '2023-01-08 13:21:25', 2490, 1, 0, 'cs_test_a1KOm64kIxNzZPC5dkweFeWkZ4sjw0ecFcu66EdTCHvmZ12WW4tTapi421', 'pi_3MNtf3GMMKXamS201GkCJy9Q', 63, 0),
	(39, '63ba76299cf20', 24, 'chalithachamod3031@gmail.com', '2023-01-08 13:22:09', 2490, 1, 0, 'cs_test_a10YLfiupv91N8Vg3HVg97Z0gF28S1ltoJcR30V3NfOCFLYzFtTWsKOk02', 'pi_3MNtflGMMKXamS20143mM1MW', 64, 0),
	(40, '63ba780f18140', 10, 'chalithachamod3031@gmail.com', '2023-01-08 13:30:15', 130290, 1, 0, 'cs_test_a18PuuqPVqqHqPQIVniM0J9lDpfnj4iKSrn3CkG8FsyXHg9D42fPnLR8Bp', 'pi_3MNtnbGMMKXamS201dTQFPUn', 65, 0),
	(41, '63ba783d8cbaa', 2, 'chalithachamod3031@gmail.com', '2023-01-08 13:31:01', 290, 1, 0, 'cs_test_a1ofcsAdBt8J6MANrbMxrsQ7qmOrmrbpQ7WxbrNFzAeRus7PAb8glfC5pz', 'pi_3MNtoLGMMKXamS201dHRyhnH', 66, 0),
	(42, '63ba792ee9fac', 55, 'chalithachamod3031@gmail.com', '2023-01-08 13:35:02', 360290, 1, 0, 'cs_test_a1e9zid84S7KvCnuKyMwoIARZzzdhTZnuXuLtn1AksyNC0kIEjQvrigdRC', 'pi_3MNtsEGMMKXamS200HmstOno', 67, 0),
	(43, '63ba79cdab0c1', 9, 'chalithachamod3031@gmail.com', '2023-01-08 13:37:41', 250290, 1, 0, 'cs_test_a1UvN6IGFzdC7as2E88a8xhJrxJpUs1cvFto0mwnsFdroviavGGJRGZLCM', 'pi_3MNtunGMMKXamS2015ltfxDc', 68, 0),
	(44, '63ba79f534b4e', 9, 'chalithachamod3031@gmail.com', '2023-01-08 13:38:21', 250290, 1, 0, 'cs_test_a1h4jBIVgJ4oLNESHu3kuqc9slOwsb8CaKlMTUac9i0avur5ILNWUL1q34', 'pi_3MNtvRGMMKXamS200vIdNsaK', 69, 0),
	(45, '63bc36963fbdc', 55, 'chalithachamod3031@gmail.com', '2023-01-09 21:15:26', 360290, 1, 0, 'cs_test_a19Nf6SXCC0q51EIh3iSozj0s0Vf3ABipfPCPIsflCWFIHrpOVK7nnIOQa', 'pi_3MONXKGMMKXamS201T3jx9a8', 70, 0),
	(46, '63bd17e9b3b45', 9, 'chalithachamod3031@gmail.com', '2023-01-10 13:16:49', 250290, 1, 0, 'cs_test_a1BjtnHnaETT28U1ILaIEoYobtNPcURoDk2gNTDjwHy1xt6QmBrBikhqDQ', 'pi_3MOcXhGMMKXamS201qySD5Oi', 72, 0),
	(47, '63c103576d2c0', 28, 'chalithachamod3031@gmail.com', '2023-01-13 12:38:07', 2540, 3, 0, 'cs_test_a1ENfr44dAP77FqPH0jlTbTvUYvKZNX9gd0Yokw4jmAqmDSsUo7NpsrDEC', 'pi_3MPhMtGMMKXamS201kv7iNbg', 181, 0),
	(48, '63c103b583628', 28, 'chalithachamod3031@gmail.com', '2023-01-13 12:39:41', 2540, 3, 0, 'cs_test_a1vlgrcrm601eEy3wE0R4kXyOm1MOLQbFqcMtthUP0d8Y29JyTdt8tYXpK', 'pi_3MPhOPGMMKXamS201nWGdNll', 184, 0),
	(49, '63c1044fba59f', 28, 'chalithachamod3031@gmail.com', '2023-01-13 12:42:15', 2540, 3, 0, 'cs_test_a19Z0jbKb3afaE7XcfiNNoQO6OwkUbMsojmB0o1R3hjPT7YoWLig6BSyBP', 'pi_3MPhQuGMMKXamS201u3thLLh', 187, 0),
	(50, '63c104abc3557', 28, 'chalithachamod3031@gmail.com', '2023-01-13 12:43:47', 2540, 3, 0, 'cs_test_a1VQabusu96ek14bnt3hxSIL8mCm5Pj8EjKJiLpt530Q8JmeN3jCqZUi20', 'pi_3MPhSNGMMKXamS200VPwBEGV', 190, 0),
	(51, '63c105407823d', 28, 'chalithachamod3031@gmail.com', '2023-01-13 12:46:16', 2540, 3, 0, 'cs_test_a1ZXP9GUVlxBlImT67V3tRmfrKrmjAEkmsCRnNZitkIFcBwlaRxu3qMpgc', 'pi_3MPhUmGMMKXamS201p7dFMD8', 193, 0),
	(52, '63c106104dd1e', 28, 'chalithachamod3031@gmail.com', '2023-01-13 12:49:44', 2540, 3, 0, 'cs_test_a16tGXoSQvWoswf2AywcZKUvYDZf5profnc61O4J3UR2QcSdjm9AF8gYs6', 'pi_3MPhY8GMMKXamS2008dpum9z', 196, 0),
	(53, '63c106920e2e2', 28, 'chalithachamod3031@gmail.com', '2023-01-13 12:51:54', 2540, 3, 0, 'cs_test_a1gHaoIzOqw6iGmxeUcZpASVWpeA9dFjVLn5bBUj4jXj9HXQYxtznvrrFj', 'pi_3MPhaEGMMKXamS201qBeU8Br', 199, 0),
	(54, '63c1076aa0b2a', 28, 'chalithachamod3031@gmail.com', '2023-01-13 12:55:30', 2540, 3, 0, 'cs_test_a1ULXCzmezcP6bxLe5s0YTMtv8VwrPOp2QqRkApxkVpq10N7hzrN1blR8p', 'pi_3MPhdiGMMKXamS200nS3Pywy', 202, 0),
	(55, '63c10943e84b9', 28, 'chalithachamod3031@gmail.com', '2023-01-13 13:03:23', 2540, 3, 0, 'cs_test_a1rO0ODLas2U6G9yEeJP5iTNd0cDP9eIeFbiBOk0LKt9ApUhVsESG9RGYo', 'pi_3MPhlMGMMKXamS201VIARqhF', 205, 0),
	(56, '63c1097a45af1', 28, 'chalithachamod3031@gmail.com', '2023-01-13 13:04:18', 2540, 3, 0, 'cs_test_a1ldKgObVbrOsoT9oCbH0qcENBL7p4RPPgIwd38kMHJ5dABc0qPu0UOCMP', 'pi_3MPhmEGMMKXamS200FMMZSYx', 208, 0),
	(57, '63c10bb51595e', 28, 'chalithachamod3031@gmail.com', '2023-01-13 13:13:49', 2540, 3, 0, 'cs_test_a1f1kaVmiYMYC4yFXpeF6XL3TGhgXRsCvzKjH3xpEDPzP7IPdi28i02JL6', 'pi_3MPhvRGMMKXamS201QbkXg1d', 211, 0),
	(58, '63c10c125fac7', 28, 'chalithachamod3031@gmail.com', '2023-01-13 13:15:22', 2540, 3, 0, 'cs_test_a1ZoazBwfOLjA5bbkeeoKHenTuNNvCN0qzTAWQ2R7r23WAUbSvsQoX9HU4', 'pi_3MPhwwGMMKXamS201KbWxzcv', 214, 0),
	(59, '63c10c633289d', 28, 'chalithachamod3031@gmail.com', '2023-01-13 13:16:43', 2540, 3, 0, 'cs_test_a1AvFBXwme3fOhXtzRDV853Sel6KgCaXBK6BCRBOM95pdSZnGlcT224vOK', 'pi_3MPhyFGMMKXamS200yAsPcQN', 217, 0),
	(60, '63c10ce84a261', 28, 'chalithachamod3031@gmail.com', '2023-01-13 13:18:56', 2540, 3, 0, 'cs_test_a1wUvshZxNJaS2hrJ8ZV0RILJ0pH5dmEP6GpFJj5T0vVzABWmnkLJE2P6Q', 'pi_3MPi0OGMMKXamS200gBTfN28', 220, 0),
	(61, '63c10e541ec0b', 28, 'chalithachamod3031@gmail.com', '2023-01-13 13:25:00', 2540, 3, 0, 'cs_test_a19YxKBWVHg5ItsJsqI9Mxb21KXHsViacfTZ11ffEhq660myQ5tIsTEoPK', 'pi_3MPi6GGMMKXamS200uN8F6dY', 223, 0),
	(62, '63c10fbda247e', 28, 'chalithachamod3031@gmail.com', '2023-01-13 13:31:01', 2540, 3, 0, 'cs_test_a1uNw71oisEmTs2gk0X1AOKiydKlL0UqFtTj4XP71AaM3ShYWJSCv7LR47', 'pi_3MPiC5GMMKXamS201wtyXn8k', 226, 0),
	(63, '0', 28, 'chalithachamod3031@gmail.com', '2023-01-13 14:17:41', 2540, 3, 0, 'cs_test_a1HTH6EO5yurAiwcNN2wnmi7Dcb2TyUP7r1PIofkZZt9tqaSmkm0POPxAw', 'pi_3MPivFGMMKXamS200nzP5gvT', 239, 0),
	(64, '63c52da0dd16d', 10, 'chalithachamod3031@gmail.com', '2023-01-16 16:27:36', 130290, 1, 0, 'cs_test_a1fPGEiYUsvJX8ThSJSw2XjENpRjQzd7Asc72jWjcoP2QVmRQPFee1glHo', 'pi_3MQqNcGMMKXamS200nNZIMaT', 263, 0),
	(65, '63c59ce242489', 9, 'chalithachamod3031@gmail.com', '2023-01-17 00:22:18', 500290, 2, 0, 'cs_test_a1rZoVfeiDpRlE9xTTpavf8LgoefgSOnYByzC6T8tgeqngeaMOCZql7Ju9', 'pi_3MQxn0GMMKXamS200NGNtHWN', 264, 0),
	(66, '63c628c8d8afe', 7, 'chalithachamod3031@gmail.com', '2023-01-17 10:19:12', 550290, 1, 0, 'cs_test_a11F7h3ZW4yk8ogVMrKtaz09QARhzZOBU2lA7JuTzNqZmLKMzJjKqHR1f9', 'pi_3MR76fGMMKXamS200WUT1iqc', 267, 1),
	(67, '63c686fc4b152', 9, 'chalithachamod3031@gmail.com', '2023-01-17 17:01:08', 250290, 1, 0, 'cs_test_a1Vvg3g8GVoQjDrRxT75iHvuy4FogCggqJVAxSFqFOUbF20Z8bgwCThheO', 'pi_3MRDNcGMMKXamS2010KQVyUO', 272, 0),
	(68, '63c68744715eb', 9, 'chalithachamod3031@gmail.com', '2023-01-17 17:02:20', 250290, 1, 0, 'cs_test_a1C0iKL5v6vVV7CYkDI7vHaIhwTLikXGw7VqmZ6vdz15PnYBwyMIWYh70r', 'pi_3MRDOmGMMKXamS201b8e7lPV', 273, 0),
	(69, '63d22ea527978', 68, 'chalithachamod3031@gmail.com', '2023-01-26 13:11:25', 880200, 1, 0, 'cs_test_a1ZudQzRcFdnOp8LfJYFIuA27Renlmo91vWc9ywFOin2G7Aq9nTknfefAQ', 'pi_3MUQ5DGMMKXamS2014c6Rkd2', 275, 0),
	(70, '63e89ed09262d', 68, 'chalithachamod3031@gmail.com', '2023-02-12 13:39:52', 880200, 1, 0, 'cs_test_a1dsfVD53FGJm2MLVH6pJIrFFfOJYxxKRa95DvFzeo7GyVL6ooMZCmDEtJ', 'pi_3Maad6GMMKXamS200Xogrjrn', 276, 0),
	(71, '64476f05118f0', 8, 'chalithachamod3031@gmail.com', '2023-04-25 11:41:17', 450290, 1, 0, 'cs_test_a1DhUBBPAI3QZGDgsIPIOShBhGZqAOtJcXrePtlD7tFtCSFX3zacdgnwyu', 'pi_3N0f5pGMMKXamS201HNjmHtL', 277, 0),
	(72, '645691e66d0c6', 7, 'chalithachamod3031@gmail.com', '2023-04-25 13:47:10', 550290, 1, 0, 'cs_test_a1BafzAhCwfzqCRIDL11pWtUbeoo4nGyOSdIYxUb5L6eN8IkaTngR9cTkG', 'pi_3N0h3fGMMKXamS200yNQ2vO4', 278, 0),
	(73, '645691e66d0c6', 55, 'chalithachamod3031@gmail.com', '2023-04-28 19:58:37', 360290, 1, 0, 'cs_test_a1H2zmy969Ky7IANcu8uTqAanKLWoFIPfsVowce4NOJBvpS9SIbcYHIUyz', 'pi_3N1sHlGMMKXamS20046VrAmC', 279, 0),
	(74, '645691e66d0c6', 7, 'chalithachamod3031@gmail.com', '2023-05-06 15:48:59', 550290, 2, 0, 'cs_test_a1C1K7ikFqPx0xxPVbQwnkotPNce21BFA6gZfnCNb79VSMf8qxabRUdTjp', 'pi_3N4iCYGMMKXamS200YHfxc1e', 281, 0),
	(75, '645691e66d0c6', 17, 'chalithachamod3031@gmail.com', '2023-05-06 22:08:22', 180050, 3, 0, 'cs_test_a1DoYSzCMJDEdaQnxIA1Yo5B6fX4XAFisSuzEKihkCHv7a8VsXtCesUwMQ', 'pi_3N4o7iGMMKXamS200BoiwPm0', 289, 0),
	(80, '645691e66d0c6', 18, 'chalithachamod3031@gmail.com', '2023-05-06 23:08:43', 220050, 1, 0, 'cs_test_a1k77uDOBrJki0dpeyFiZflMCwzMEtNba9Q7N6kjvGdqntREWKvOYfn53N', 'pi_3N4p47GMMKXamS201Pcx5ti4', 291, 0),
	(84, '645698abe00fb', 22, 'chalithachamod3031@gmail.com', '2023-05-06 23:42:59', 2450, 1, 0, 'cs_test_b1QmZeuRqYOzVUeppcgAuph8YR9NyBaaX1eeL3FjJzEdqWGqB6vCEX4ncE', 'pi_3N4pbIGMMKXamS201NBVytgq', 295, 0),
	(85, '645698abe00fb', 23, 'chalithachamod3031@gmail.com', '2023-05-06 23:42:59', 2900, 1, 0, 'cs_test_b1QmZeuRqYOzVUeppcgAuph8YR9NyBaaX1eeL3FjJzEdqWGqB6vCEX4ncE', 'pi_3N4pbIGMMKXamS201NBVytgq', 295, 0),
	(86, '645698abe00fb', 24, 'chalithachamod3031@gmail.com', '2023-05-06 23:42:59', 5150, 1, 0, 'cs_test_b1QmZeuRqYOzVUeppcgAuph8YR9NyBaaX1eeL3FjJzEdqWGqB6vCEX4ncE', 'pi_3N4pbIGMMKXamS201NBVytgq', 295, 0),
	(87, '645698abe00fb', 30, 'chalithachamod3031@gmail.com', '2023-05-06 23:42:59', 6050, 1, 0, 'cs_test_b1QmZeuRqYOzVUeppcgAuph8YR9NyBaaX1eeL3FjJzEdqWGqB6vCEX4ncE', 'pi_3N4pbIGMMKXamS201NBVytgq', 295, 0),
	(88, '64569aa316a4f', 29, 'chalithachamod3031@gmail.com', '2023-05-06 23:51:23', 500, 1, 0, 'cs_test_b19GJ44znGrRo5iNvQAjmjXMEfU9nPjRlROOCbqMHrLevxxHMAWsb3rC0u', 'pi_3N4pjPGMMKXamS2004mjOrBy', 298, 0),
	(89, '64569aa316a4f', 30, 'chalithachamod3031@gmail.com', '2023-05-06 23:51:23', 1400, 1, 0, 'cs_test_b19GJ44znGrRo5iNvQAjmjXMEfU9nPjRlROOCbqMHrLevxxHMAWsb3rC0u', 'pi_3N4pjPGMMKXamS2004mjOrBy', 298, 0),
	(90, '64569aa316a4f', 27, 'chalithachamod3031@gmail.com', '2023-05-06 23:51:23', 2200, 1, 0, 'cs_test_b19GJ44znGrRo5iNvQAjmjXMEfU9nPjRlROOCbqMHrLevxxHMAWsb3rC0u', 'pi_3N4pjPGMMKXamS2004mjOrBy', 298, 0),
	(91, '64569f781ca82', 39, 'chalithachamod3031@gmail.com', '2023-05-07 00:12:00', 10050, 1, 0, 'cs_test_a1fd3MgEkK6F9z1ex8BE7PotiT1D5Jjvp2YHDrdeYQacuKAvX8t5QvzXkm', 'pi_3N4q3LGMMKXamS200eA5y2Zp', 299, 0),
	(92, '6456a07911008', 29, 'chalithachamod3031@gmail.com', '2023-05-07 00:16:17', 450, 1, 0, 'cs_test_b1YNBI7dUuPEMD9y8WVgWvTVmPiGIRp65KL6ApPixBXEvJ8QlxC2a5fq5D', 'pi_3N4q7VGMMKXamS200bQ9Z9mN', 302, 0),
	(93, '6456a07911008', 30, 'chalithachamod3031@gmail.com', '2023-05-07 00:16:17', 1700, 2, 0, 'cs_test_b1YNBI7dUuPEMD9y8WVgWvTVmPiGIRp65KL6ApPixBXEvJ8QlxC2a5fq5D', 'pi_3N4q7VGMMKXamS200bQ9Z9mN', 302, 0),
	(94, '6456a2b23380e', 27, 'chalithachamod3031@gmail.com', '2023-05-07 00:16:17', 750, 1, 0, 'cs_test_b1YNBI7dUuPEMD9y8WVgWvTVmPiGIRp65KL6ApPixBXEvJ8QlxC2a5fq5D', 'pi_3N4q7VGMMKXamS200bQ9Z9mN', 302, 0),
	(95, '6456a2b23380e', 39, 'chalithachamod3031@gmail.com', '2023-05-07 00:25:46', 10000, 1, 0, 'cs_test_b1K1CJHN3Z9uQ7VYlPTEptUGOCRJJx5CT0joncU6EWNl4XyVEguftaBnME', 'pi_3N4qGgGMMKXamS201pCFDPsV', 305, 0),
	(96, '6456a2b23380e', 23, 'chalithachamod3031@gmail.com', '2023-05-07 00:25:46', 400, 1, 0, 'cs_test_b1K1CJHN3Z9uQ7VYlPTEptUGOCRJJx5CT0joncU6EWNl4XyVEguftaBnME', 'pi_3N4qGgGMMKXamS201pCFDPsV', 305, 0),
	(97, '6456a2b23380e', 28, 'chalithachamod3031@gmail.com', '2023-05-07 00:25:46', 750, 1, 0, 'cs_test_b1K1CJHN3Z9uQ7VYlPTEptUGOCRJJx5CT0joncU6EWNl4XyVEguftaBnME', 'pi_3N4qGgGMMKXamS201pCFDPsV', 305, 0),
	(98, '6456a40fa2911', 27, 'chalithachamod3031@gmail.com', '2023-05-07 00:31:35', 750, 1, 0, 'cs_test_b14cLiv4CivLGSLEqG1c8jx3DWySk4inmMF47Wk3gOzmCwNEE1FxYYlxqW', 'pi_3N4qMJGMMKXamS201q8mX1e8', 309, 0),
	(99, '6456a40fa2911', 28, 'chalithachamod3031@gmail.com', '2023-05-07 00:31:35', 750, 1, 0, 'cs_test_b14cLiv4CivLGSLEqG1c8jx3DWySk4inmMF47Wk3gOzmCwNEE1FxYYlxqW', 'pi_3N4qMJGMMKXamS201q8mX1e8', 309, 0),
	(100, '6456a40fa2911', 29, 'chalithachamod3031@gmail.com', '2023-05-07 00:31:35', 450, 1, 0, 'cs_test_b14cLiv4CivLGSLEqG1c8jx3DWySk4inmMF47Wk3gOzmCwNEE1FxYYlxqW', 'pi_3N4qMJGMMKXamS201q8mX1e8', 309, 0),
	(101, '6456a40fa2911', 30, 'chalithachamod3031@gmail.com', '2023-05-07 00:31:35', 850, 1, 0, 'cs_test_b14cLiv4CivLGSLEqG1c8jx3DWySk4inmMF47Wk3gOzmCwNEE1FxYYlxqW', 'pi_3N4qMJGMMKXamS201q8mX1e8', 309, 0),
	(102, '6456a661b20af', 28, 'chalithachamod3031@gmail.com', '2023-05-07 00:41:29', 1500, 2, 0, 'cs_test_b1lori9ScB5Ssva35N10i7rpoRYJNAM45k6kxvVe8ZkJ0pqsY1mJqyyVey', 'pi_3N4qVtGMMKXamS201hfGrqrt', 312, 0),
	(103, '6456a661b20af', 23, 'chalithachamod3031@gmail.com', '2023-05-07 00:41:29', 400, 1, 0, 'cs_test_b1lori9ScB5Ssva35N10i7rpoRYJNAM45k6kxvVe8ZkJ0pqsY1mJqyyVey', 'pi_3N4qVtGMMKXamS201hfGrqrt', 312, 0),
	(104, '6456b1aaf34bb', 28, 'chalithachamod3031@gmail.com', '2023-05-07 01:29:38', 750, 1, 0, 'cs_test_b1mSEaKmLRaQtIKqo0ePqfUarw64KYvjl2Pqat4qxL99oit8siTiuF98nI', 'pi_3N4rGUGMMKXamS201N8LkfIQ', 318, 0),
	(105, '6456b1aaf34bb', 29, 'chalithachamod3031@gmail.com', '2023-05-07 01:29:38', 450, 1, 0, 'cs_test_b1mSEaKmLRaQtIKqo0ePqfUarw64KYvjl2Pqat4qxL99oit8siTiuF98nI', 'pi_3N4rGUGMMKXamS201N8LkfIQ', 318, 0),
	(106, '6456b25c35f35', 62, 'chalithachamod3031@gmail.com', '2023-05-07 01:32:36', 34, 1, 0, 'cs_test_b1WQVS4yL6RUT29PjeqiKiXJp8rpGrvZ0amVQTT4k2S5QcUYR4PhlPZeGr', 'pi_3N4rJMGMMKXamS200azLImIS', 324, 0),
	(107, '6456b25c35f35', 69, 'chalithachamod3031@gmail.com', '2023-05-07 01:32:36', 50000, 1, 0, 'cs_test_b1WQVS4yL6RUT29PjeqiKiXJp8rpGrvZ0amVQTT4k2S5QcUYR4PhlPZeGr', 'pi_3N4rJMGMMKXamS200azLImIS', 324, 0),
	(108, '64572c539e1be', 8, 'chalithachamod3031@gmail.com', '2023-05-07 10:12:59', 450050, 1, 0, 'cs_test_a1h6KxrKKvZrJO5HC2JeN4uwuuph8wJaLgmgPC96yFsyNMh8ItQAqgLKPL', 'pi_3N4zQxGMMKXamS201dNBsNGz', 325, 0),
	(109, '64573ba93120e', 27, 'chalithachamod3031@gmail.com', '2023-05-07 11:18:25', 750, 1, 0, 'cs_test_b1McSmQ2XM3jaddre7v9R8hFHN5rDlIzXshcKSXYylE6qIRvlmGTDnL4qp', 'pi_3N50SHGMMKXamS201ViK4gK8', 327, 0),
	(110, '64573ba93120e', 28, 'chalithachamod3031@gmail.com', '2023-05-07 11:18:25', 750, 1, 0, 'cs_test_b1McSmQ2XM3jaddre7v9R8hFHN5rDlIzXshcKSXYylE6qIRvlmGTDnL4qp', 'pi_3N50SHGMMKXamS201ViK4gK8', 327, 0),
	(111, '64639e8b18fb4', 39, 'chalithachamod3031@gmail.com', '2023-05-16 20:47:31', 10050, 1, 0, 'cs_test_a1eYfojc1vfU51UD36yDPWhW8dpnjNTckCIAurl8hf41YEevLJvW2JEzow', 'pi_3N8PcvGMMKXamS201uxqGpXe', 328, 1),
	(112, '6475e18a14338', 55, 'chalithachamod3031@gmail.com', '2023-05-30 17:14:10', 360050, 1, 0, 'cs_test_a1sbUqDcPxBGeNCtSr0cfwOISbu0biPad8oBmxV40u0saQKEKe6cwWkOTp', 'pi_3NDQyAGMMKXamS2015kK5jDD', 329, 0),
	(113, '64760b53633a6', 55, 'chalithachamod3031@gmail.com', '2023-05-30 20:12:27', 360050, 1, 0, 'cs_test_a1sMSb02BSrhGPO0JDmlVBSSMinCPcD3PdhtH6pLLMgkAiIFau3o48tBLV', 'pi_3NDTkhGMMKXamS2010pCaRuY', 330, 0),
	(114, '64f171169b4eb', 25, 'chalithachamod3031@gmail.com', '2023-09-01 10:35:26', 6250, 1, 0, 'cs_test_b1NgD47sR4HTkAPVM7Ey2MfzVhvmlNeOv6xhH4ofXmhDR2p3wMju0796p7', 'pi_3NlPXoGMMKXamS201rBO0bU9', 343, 0),
	(115, '64f171169b4eb', 23, 'chalithachamod3031@gmail.com', '2023-09-01 10:35:26', 400, 1, 0, 'cs_test_b1NgD47sR4HTkAPVM7Ey2MfzVhvmlNeOv6xhH4ofXmhDR2p3wMju0796p7', 'pi_3NlPXoGMMKXamS201rBO0bU9', 343, 0),
	(116, '64f171169b4eb', 29, 'chalithachamod3031@gmail.com', '2023-09-01 10:35:26', 900, 2, 0, 'cs_test_b1NgD47sR4HTkAPVM7Ey2MfzVhvmlNeOv6xhH4ofXmhDR2p3wMju0796p7', 'pi_3NlPXoGMMKXamS201rBO0bU9', 343, 0);

-- Dumping structure for table myproject.message
CREATE TABLE IF NOT EXISTS `message` (
  `id` int NOT NULL AUTO_INCREMENT,
  `from` varchar(100) NOT NULL,
  `to` varchar(100) NOT NULL,
  `content` text NOT NULL,
  `date_time` datetime NOT NULL,
  PRIMARY KEY (`id`),
  KEY `FK_message_user` (`from`),
  KEY `FK_message_user_2` (`to`),
  CONSTRAINT `FK_message_user` FOREIGN KEY (`from`) REFERENCES `user` (`email`),
  CONSTRAINT `FK_message_user_2` FOREIGN KEY (`to`) REFERENCES `user` (`email`)
) ENGINE=InnoDB DEFAULT CHARSET=utf8mb4 COLLATE=utf8mb4_0900_ai_ci;

-- Dumping data for table myproject.message: ~0 rows (approximately)

-- Dumping structure for table myproject.model
CREATE TABLE IF NOT EXISTS `model` (
  `id` int NOT NULL AUTO_INCREMENT,
  `name` varchar(20) CHARACTER SET utf8mb4 COLLATE utf8mb4_0900_ai_ci NOT NULL,
  PRIMARY KEY (`id`)
) ENGINE=InnoDB AUTO_INCREMENT=34 DEFAULT CHARSET=utf8mb4 COLLATE=utf8mb4_0900_ai_ci;

-- Dumping data for table myproject.model: ~32 rows (approximately)
INSERT INTO `model` (`id`, `name`) VALUES
	(1, 'realme 7'),
	(2, 'oppo'),
	(3, 'iphone 12 pro'),
	(4, 'ASUS ROG'),
	(5, 'OnePlus 8T'),
	(6, 'Acer'),
	(8, 'msi'),
	(9, 'asus'),
	(10, 'hp'),
	(11, 'Dell'),
	(12, 'Nikon Camera'),
	(13, 'Canon camera'),
	(14, 'Nikon D850'),
	(15, 'Nikon D5600'),
	(16, 'Canon EOS'),
	(17, 'DJI Mavic 3 Cine'),
	(18, 'Eachine EX5'),
	(19, 'JJRC X19 PRO'),
	(20, 'LS-MIN Mini'),
	(21, 'S89'),
	(22, 'JEDEL m & k'),
	(23, 'Gaming Keyboard'),
	(24, 'lenovo mouse'),
	(25, 'Gaming Mouse'),
	(26, 'Wireless Mouse'),
	(27, 'iphone back cover'),
	(28, 'samsung cover'),
	(29, 'Redmi 9 cover'),
	(30, 'vivo cover'),
	(31, 'cat phone case'),
	(32, 'iphone 12 pro max'),
	(33, 'ccc');

-- Dumping structure for table myproject.model_has_brand
CREATE TABLE IF NOT EXISTS `model_has_brand` (
  `id` int NOT NULL AUTO_INCREMENT,
  `brand_id` int NOT NULL,
  `model_id` int NOT NULL,
  PRIMARY KEY (`id`),
  KEY `FK_model_has_brand_model` (`model_id`),
  KEY `FK_model_has_brand_brand` (`brand_id`) USING BTREE,
  CONSTRAINT `FK_model_has_brand_brand` FOREIGN KEY (`brand_id`) REFERENCES `brand` (`id`),
  CONSTRAINT `FK_model_has_brand_model` FOREIGN KEY (`model_id`) REFERENCES `model` (`id`)
) ENGINE=InnoDB AUTO_INCREMENT=34 DEFAULT CHARSET=utf8mb4 COLLATE=utf8mb4_0900_ai_ci;

-- Dumping data for table myproject.model_has_brand: ~31 rows (approximately)
INSERT INTO `model_has_brand` (`id`, `brand_id`, `model_id`) VALUES
	(1, 21, 1),
	(2, 10, 2),
	(3, 2, 3),
	(4, 21, 4),
	(5, 7, 5),
	(6, 11, 6),
	(7, 12, 8),
	(8, 13, 9),
	(9, 14, 10),
	(10, 15, 11),
	(11, 16, 12),
	(12, 16, 13),
	(13, 16, 14),
	(14, 16, 15),
	(15, 16, 16),
	(16, 17, 17),
	(17, 17, 18),
	(18, 17, 19),
	(19, 17, 20),
	(20, 17, 21),
	(21, 18, 22),
	(22, 18, 23),
	(23, 18, 24),
	(24, 18, 25),
	(25, 18, 26),
	(26, 19, 27),
	(27, 19, 28),
	(28, 19, 29),
	(29, 19, 30),
	(30, 19, 31),
	(31, 2, 32);

-- Dumping structure for table myproject.payment_request
CREATE TABLE IF NOT EXISTS `payment_request` (
  `id` int NOT NULL AUTO_INCREMENT,
  `product_id` int DEFAULT NULL,
  `qty` int DEFAULT NULL,
  `date_time` datetime DEFAULT NULL,
  `user_email` varchar(50) DEFAULT NULL,
  `amount` int DEFAULT NULL,
  PRIMARY KEY (`id`),
  KEY `FK_payment_request_user` (`user_email`),
  KEY `FK_payment_request_product` (`product_id`),
  CONSTRAINT `FK_payment_request_product` FOREIGN KEY (`product_id`) REFERENCES `product` (`id`),
  CONSTRAINT `FK_payment_request_user` FOREIGN KEY (`user_email`) REFERENCES `user` (`email`)
) ENGINE=InnoDB AUTO_INCREMENT=344 DEFAULT CHARSET=utf8mb4 COLLATE=utf8mb4_0900_ai_ci;

-- Dumping data for table myproject.payment_request: ~315 rows (approximately)
INSERT INTO `payment_request` (`id`, `product_id`, `qty`, `date_time`, `user_email`, `amount`) VALUES
	(1, 8, 1, '2022-11-01 14:56:28', 'chalithachamod3031@gmail.com', 450290),
	(2, 10, 1, '2022-11-01 15:06:37', 'chalithachamod3031@gmail.com', 130290),
	(3, 39, 1, '2022-11-01 15:18:09', 'chalithachamod3031@gmail.com', 10290),
	(4, 55, 1, '2022-11-01 15:20:40', 'chalithachamod3031@gmail.com', 360290),
	(5, 14, 1, '2022-11-01 15:22:05', 'chalithachamod3031@gmail.com', 156290),
	(6, 18, 1, '2022-11-01 15:49:55', 'chalithachamod3031@gmail.com', 220290),
	(7, 28, 1, '2022-11-02 12:51:24', 'chalithachamod3031@gmail.com', 1040),
	(8, 28, 1, '2022-11-02 12:55:04', 'chalithachamod3031@gmail.com', 1040),
	(9, 28, 1, '2022-11-02 12:55:59', 'chalithachamod3031@gmail.com', 1040),
	(10, 39, 1, '2022-11-02 12:58:59', 'chalithachamod3031@gmail.com', 10290),
	(11, 9, 1, '2022-11-29 21:44:48', 'chalithachamod3031@gmail.com', 250290),
	(12, 9, 1, '2022-12-10 15:37:26', 'chalithachamod3031@gmail.com', 250290),
	(13, 39, 1, '2022-12-10 18:03:29', 'chalithachamod3031@gmail.com', 10290),
	(14, 7, 1, '2022-12-10 18:09:18', 'chalithachamod3031@gmail.com', 550290),
	(15, 28, 1, '2022-12-10 18:16:54', 'chalithachamod3031@gmail.com', 1040),
	(16, 2, 1, '2023-01-04 23:48:07', 'chalithachamod3031@gmail.com', 290),
	(17, 55, 1, '2023-01-05 00:17:58', 'chalithachamod3031@gmail.com', 360290),
	(18, 55, 1, '2023-01-05 00:34:59', 'chalithachamod3031@gmail.com', 360290),
	(19, 55, 1, '2023-01-05 00:42:17', 'chalithachamod3031@gmail.com', 360290),
	(20, 9, 1, '2023-01-05 00:44:38', 'chalithachamod3031@gmail.com', 250290),
	(21, 55, 1, '2023-01-05 00:55:19', 'chalithachamod3031@gmail.com', 360290),
	(22, 14, 1, '2023-01-05 01:00:12', 'chalithachamod3031@gmail.com', 156290),
	(23, 12, 1, '2023-01-05 01:06:54', 'chalithachamod3031@gmail.com', 840290),
	(24, 55, 1, '2023-01-05 01:27:42', 'chalithachamod3031@gmail.com', 360290),
	(25, 55, 1, '2023-01-05 01:28:42', 'chalithachamod3031@gmail.com', 360290),
	(26, 39, 1, '2023-01-05 01:41:45', 'chalithachamod3031@gmail.com', 10290),
	(27, 39, 1, '2023-01-05 12:34:59', 'chalithachamod3031@gmail.com', 10290),
	(28, 55, 1, '2023-01-05 12:55:22', 'chalithachamod3031@gmail.com', 360290),
	(29, 39, 1, '2023-01-05 12:56:39', 'chalithachamod3031@gmail.com', 10290),
	(30, 55, 4, '2023-01-05 12:57:39', 'chalithachamod3031@gmail.com', 1440290),
	(31, 55, 3, '2023-01-05 12:57:55', 'chalithachamod3031@gmail.com', 1080290),
	(32, 2, 3, '2023-01-05 12:58:11', 'chalithachamod3031@gmail.com', 290),
	(33, 30, 1, '2023-01-05 13:13:18', 'chalithachamod3031@gmail.com', 1140),
	(34, 22, 1, '2023-01-05 13:14:22', 'chalithachamod3031@gmail.com', 2690),
	(35, 25, 2, '2023-01-05 13:43:47', 'chalithachamod3031@gmail.com', 12790),
	(36, 28, 4, '2023-01-05 13:45:26', 'chalithachamod3031@gmail.com', 3290),
	(37, 22, 8, '2023-01-05 13:49:15', 'chalithachamod3031@gmail.com', 19490),
	(38, 22, 4, '2023-01-05 14:01:20', 'chalithachamod3031@gmail.com', 9890),
	(39, 39, 1, '2023-01-05 14:03:29', 'chalithachamod3031@gmail.com', 10290),
	(40, 22, 1, '2023-01-05 14:32:15', 'chalithachamod3031@gmail.com', 2690),
	(41, 9, 1, '2023-01-06 22:34:11', 'chalithachamod3031@gmail.com', 250290),
	(42, 9, 1, '2023-01-06 22:34:48', 'chalithachamod3031@gmail.com', 250290),
	(43, 10, -15, '2023-01-07 00:18:09', 'chamodnadeeshan91@gmail.com', -1949710),
	(44, 10, -1, '2023-01-07 00:18:20', 'chamodnadeeshan91@gmail.com', -129710),
	(45, 10, 1, '2023-01-07 19:17:53', 'chalithachamod3031@gmail.com', 130290),
	(46, 9, 1, '2023-01-07 19:19:53', 'chalithachamod3031@gmail.com', 250290),
	(47, 9, 1, '2023-01-08 00:08:22', 'chalithachamod3031@gmail.com', 250290),
	(48, 9, 1, '2023-01-08 00:08:52', 'chalithachamod3031@gmail.com', 250290),
	(49, 10, 1, '2023-01-08 00:13:14', 'chalithachamod3031@gmail.com', 130290),
	(50, 10, 1, '2023-01-08 00:17:50', 'chalithachamod3031@gmail.com', 130290),
	(51, 10, 1, '2023-01-08 00:18:01', 'chalithachamod3031@gmail.com', 130290),
	(52, 10, 1, '2023-01-08 00:18:15', 'chalithachamod3031@gmail.com', 130290),
	(53, 12, 1, '2023-01-08 01:36:48', 'chalithachamod3031@gmail.com', 840290),
	(54, 12, 1, '2023-01-08 01:37:14', 'chalithachamod3031@gmail.com', 840290),
	(55, 12, 1, '2023-01-08 01:37:46', 'chalithachamod3031@gmail.com', 840290),
	(56, 12, 1, '2023-01-08 01:38:15', 'chalithachamod3031@gmail.com', 840290),
	(57, 12, 1, '2023-01-08 01:40:14', 'chalithachamod3031@gmail.com', 840290),
	(58, 12, 1, '2023-01-08 01:40:29', 'chalithachamod3031@gmail.com', 840290),
	(59, 12, 1, '2023-01-08 01:40:46', 'chalithachamod3031@gmail.com', 840290),
	(60, 12, 2, '2023-01-08 01:42:25', 'chalithachamod3031@gmail.com', 840292),
	(61, 28, 2, '2023-01-08 01:42:51', 'chalithachamod3031@gmail.com', 1042),
	(62, 28, 2, '2023-01-08 01:45:36', 'chalithachamod3031@gmail.com', 290),
	(63, 24, 1, '2023-01-08 13:20:47', 'chalithachamod3031@gmail.com', 2490),
	(64, 24, 1, '2023-01-08 13:21:50', 'chalithachamod3031@gmail.com', 2490),
	(65, 10, 1, '2023-01-08 13:29:53', 'chalithachamod3031@gmail.com', 130290),
	(66, 2, 1, '2023-01-08 13:30:45', 'chalithachamod3031@gmail.com', 290),
	(67, 55, 1, '2023-01-08 13:34:47', 'chalithachamod3031@gmail.com', 360290),
	(68, 9, 1, '2023-01-08 13:37:26', 'chalithachamod3031@gmail.com', 250290),
	(69, 9, 1, '2023-01-08 13:38:07', 'chalithachamod3031@gmail.com', 250290),
	(70, 55, 1, '2023-01-09 21:15:03', 'chalithachamod3031@gmail.com', 360290),
	(71, 9, 1, '2023-01-10 13:16:17', 'chalithachamod3031@gmail.com', 250290),
	(72, 9, 1, '2023-01-10 13:16:18', 'chalithachamod3031@gmail.com', 250290),
	(73, 9, 1, '2023-01-11 15:49:10', 'chalithachamod3031@gmail.com', 250290),
	(74, 9, 1, '2023-01-11 15:49:11', 'chalithachamod3031@gmail.com', 250290),
	(75, 9, 1, '2023-01-11 16:35:39', 'chalithachamod3031@gmail.com', 250290),
	(76, 9, 1, '2023-01-11 16:36:01', 'chalithachamod3031@gmail.com', 250290),
	(77, 9, 1, '2023-01-11 16:36:10', 'chalithachamod3031@gmail.com', 250290),
	(78, 9, 1, '2023-01-11 16:36:30', 'chalithachamod3031@gmail.com', 250290),
	(79, 7, 1, '2023-01-11 16:44:46', 'chalithachamod3031@gmail.com', 550290),
	(80, 7, -50, '2023-01-11 17:00:58', 'chalithachamod3031@gmail.com', -27499710),
	(81, 24, -3, '2023-01-11 17:01:31', 'chalithachamod3031@gmail.com', -6310),
	(82, 24, -1, '2023-01-11 17:01:51', 'chalithachamod3031@gmail.com', -1910),
	(83, 24, -1, '2023-01-11 17:02:03', 'chalithachamod3031@gmail.com', -1910),
	(84, 7, 3, '2023-01-13 00:58:31', 'chalithachamod3031@gmail.com', 1650290),
	(85, 7, 3, '2023-01-13 01:04:28', 'chalithachamod3031@gmail.com', 1650290),
	(86, 7, 3, '2023-01-13 01:08:49', 'chalithachamod3031@gmail.com', 1650290),
	(87, 7, 3, '2023-01-13 01:36:50', 'chalithachamod3031@gmail.com', 1650290),
	(93, 28, 2, '2023-01-13 02:17:01', 'chalithachamod3031@gmail.com', 0),
	(94, 30, 1, '2023-01-13 02:17:01', 'chalithachamod3031@gmail.com', 0),
	(95, 28, 2, '2023-01-13 02:17:20', 'chalithachamod3031@gmail.com', 0),
	(96, 30, 1, '2023-01-13 02:17:20', 'chalithachamod3031@gmail.com', 0),
	(97, 7, 1, '2023-01-13 02:17:55', 'chalithachamod3031@gmail.com', 550290),
	(98, 30, 2, '2023-01-13 02:23:18', 'chalithachamod3031@gmail.com', 1990),
	(99, 28, 2, '2023-01-13 02:26:46', 'chalithachamod3031@gmail.com', 0),
	(100, 28, 1, '2023-01-13 02:27:29', 'chalithachamod3031@gmail.com', 0),
	(101, 25, 1, '2023-01-13 02:27:29', 'chalithachamod3031@gmail.com', 0),
	(102, 28, 1, '2023-01-13 02:29:23', 'chalithachamod3031@gmail.com', 0),
	(103, 25, 1, '2023-01-13 02:29:23', 'chalithachamod3031@gmail.com', 0),
	(104, 28, 1, '2023-01-13 09:33:26', 'chalithachamod3031@gmail.com', 1040),
	(105, 28, 3, '2023-01-13 09:50:51', 'chalithachamod3031@gmail.com', 2540),
	(106, 28, 1, '2023-01-13 10:02:59', 'chalithachamod3031@gmail.com', 0),
	(107, 25, 1, '2023-01-13 10:02:59', 'chalithachamod3031@gmail.com', 0),
	(108, 28, 3, '2023-01-13 10:03:58', 'chalithachamod3031@gmail.com', 2540),
	(109, 28, 3, '2023-01-13 10:05:12', 'chalithachamod3031@gmail.com', 2540),
	(110, 28, 3, '2023-01-13 10:05:38', 'chalithachamod3031@gmail.com', 2540),
	(111, 28, 3, '2023-01-13 10:05:49', 'chalithachamod3031@gmail.com', 2540),
	(112, 28, 3, '2023-01-13 10:06:24', 'chalithachamod3031@gmail.com', 2540),
	(113, 28, 3, '2023-01-13 10:06:29', 'chalithachamod3031@gmail.com', 2540),
	(114, 28, 3, '2023-01-13 10:11:09', 'chalithachamod3031@gmail.com', 2540),
	(115, 28, 1, '2023-01-13 10:16:52', 'chalithachamod3031@gmail.com', 750),
	(116, 25, 1, '2023-01-13 10:16:52', 'chalithachamod3031@gmail.com', 6250),
	(117, 28, 1, '2023-01-13 10:17:59', 'chalithachamod3031@gmail.com', 750),
	(118, 25, 1, '2023-01-13 10:17:59', 'chalithachamod3031@gmail.com', 6250),
	(119, 28, 1, '2023-01-13 10:18:48', 'chalithachamod3031@gmail.com', 750),
	(120, 25, 1, '2023-01-13 10:18:48', 'chalithachamod3031@gmail.com', 6250),
	(121, 28, 1, '2023-01-13 10:19:57', 'chalithachamod3031@gmail.com', 750),
	(122, 25, 1, '2023-01-13 10:19:57', 'chalithachamod3031@gmail.com', 6250),
	(123, 28, 1, '2023-01-13 10:21:24', 'chalithachamod3031@gmail.com', 750),
	(124, 25, 2, '2023-01-13 10:21:24', 'chalithachamod3031@gmail.com', 12500),
	(125, 28, 1, '2023-01-13 11:20:58', 'chalithachamod3031@gmail.com', 750),
	(126, 28, 1, '2023-01-13 11:21:13', 'chalithachamod3031@gmail.com', 750),
	(127, 28, 1, '2023-01-13 11:21:30', 'chalithachamod3031@gmail.com', 750),
	(128, 25, 2, '2023-01-13 11:21:30', 'chalithachamod3031@gmail.com', 12500),
	(129, 28, 1, '2023-01-13 11:26:48', 'chalithachamod3031@gmail.com', 1040),
	(130, 28, 3, '2023-01-13 11:27:50', 'chalithachamod3031@gmail.com', 2540),
	(131, 28, 1, '2023-01-13 11:42:12', 'chalithachamod3031@gmail.com', 750),
	(132, 28, 1, '2023-01-13 11:42:42', 'chalithachamod3031@gmail.com', 750),
	(133, 28, 1, '2023-01-13 11:43:39', 'chalithachamod3031@gmail.com', 750),
	(134, 25, 2, '2023-01-13 11:43:39', 'chalithachamod3031@gmail.com', 12500),
	(135, 28, 1, '2023-01-13 11:46:30', 'chalithachamod3031@gmail.com', 750),
	(136, 28, 1, '2023-01-13 11:49:44', 'chalithachamod3031@gmail.com', 750),
	(137, 25, 2, '2023-01-13 11:49:44', 'chalithachamod3031@gmail.com', 12500),
	(138, 28, 1, '2023-01-13 11:53:08', 'chalithachamod3031@gmail.com', 750),
	(139, 28, 1, '2023-01-13 11:53:51', 'chalithachamod3031@gmail.com', 750),
	(140, 28, 1, '2023-01-13 11:54:30', 'chalithachamod3031@gmail.com', 750),
	(141, 25, 2, '2023-01-13 11:54:30', 'chalithachamod3031@gmail.com', 12500),
	(142, 28, 1, '2023-01-13 11:55:16', 'chalithachamod3031@gmail.com', 750),
	(143, 25, 2, '2023-01-13 11:55:16', 'chalithachamod3031@gmail.com', 12500),
	(144, 28, 1, '2023-01-13 11:56:26', 'chalithachamod3031@gmail.com', 750),
	(145, 25, 4, '2023-01-13 11:56:27', 'chalithachamod3031@gmail.com', 25000),
	(146, 28, 1, '2023-01-13 11:56:52', 'chalithachamod3031@gmail.com', 750),
	(147, 25, 4, '2023-01-13 11:56:53', 'chalithachamod3031@gmail.com', 25000),
	(148, 28, 1, '2023-01-13 11:57:55', 'chalithachamod3031@gmail.com', 750),
	(172, 25, 1, '2023-01-13 12:28:26', 'chalithachamod3031@gmail.com', 6250),
	(173, 58, 1, '2023-01-13 12:28:27', 'chalithachamod3031@gmail.com', 423),
	(174, 25, 1, '2023-01-13 12:28:49', 'chalithachamod3031@gmail.com', 6250),
	(175, 25, 1, '2023-01-13 12:29:09', 'chalithachamod3031@gmail.com', 6250),
	(176, 25, 1, '2023-01-13 12:29:48', 'chalithachamod3031@gmail.com', 6250),
	(177, 24, 1, '2023-01-13 12:29:49', 'chalithachamod3031@gmail.com', 2200),
	(178, 25, 1, '2023-01-13 12:30:48', 'chalithachamod3031@gmail.com', 6250),
	(179, 55, 1, '2023-01-13 12:31:38', 'chalithachamod3031@gmail.com', 360000),
	(180, 56, 1, '2023-01-13 12:32:08', 'chalithachamod3031@gmail.com', 343242),
	(181, 30, 1, '2023-01-13 12:32:33', 'chalithachamod3031@gmail.com', 850),
	(182, 59, 1, '2023-01-13 12:39:22', 'chalithachamod3031@gmail.com', 100),
	(183, 58, 1, '2023-01-13 12:39:23', 'chalithachamod3031@gmail.com', 0),
	(184, 23, 1, '2023-01-13 12:39:24', 'chalithachamod3031@gmail.com', 0),
	(185, 30, 1, '2023-01-13 12:41:58', 'chalithachamod3031@gmail.com', 850),
	(186, 28, 1, '2023-01-13 12:41:59', 'chalithachamod3031@gmail.com', 750),
	(187, 23, 1, '2023-01-13 12:41:59', 'chalithachamod3031@gmail.com', 400),
	(188, 30, 1, '2023-01-13 12:43:30', 'chalithachamod3031@gmail.com', 850),
	(189, 28, 1, '2023-01-13 12:43:30', 'chalithachamod3031@gmail.com', 750),
	(190, 23, 1, '2023-01-13 12:43:31', 'chalithachamod3031@gmail.com', 400),
	(191, 30, 1, '2023-01-13 12:46:01', 'chalithachamod3031@gmail.com', 850),
	(192, 28, 1, '2023-01-13 12:46:02', 'chalithachamod3031@gmail.com', 750),
	(193, 23, 1, '2023-01-13 12:46:03', 'chalithachamod3031@gmail.com', 400),
	(194, 30, 1, '2023-01-13 12:49:25', 'chalithachamod3031@gmail.com', 850),
	(195, 28, 1, '2023-01-13 12:49:26', 'chalithachamod3031@gmail.com', 750),
	(196, 23, 1, '2023-01-13 12:49:26', 'chalithachamod3031@gmail.com', 400),
	(197, 30, 1, '2023-01-13 12:51:38', 'chalithachamod3031@gmail.com', 850),
	(198, 28, 1, '2023-01-13 12:51:38', 'chalithachamod3031@gmail.com', 750),
	(199, 23, 1, '2023-01-13 12:51:39', 'chalithachamod3031@gmail.com', 400),
	(200, 30, 1, '2023-01-13 12:55:14', 'chalithachamod3031@gmail.com', 850),
	(201, 28, 1, '2023-01-13 12:55:14', 'chalithachamod3031@gmail.com', 750),
	(202, 23, 1, '2023-01-13 12:55:15', 'chalithachamod3031@gmail.com', 400),
	(203, 30, 1, '2023-01-13 13:03:06', 'chalithachamod3031@gmail.com', 850),
	(204, 28, 1, '2023-01-13 13:03:07', 'chalithachamod3031@gmail.com', 750),
	(205, 23, 1, '2023-01-13 13:03:07', 'chalithachamod3031@gmail.com', 400),
	(206, 30, 1, '2023-01-13 13:04:01', 'chalithachamod3031@gmail.com', 850),
	(207, 28, 1, '2023-01-13 13:04:02', 'chalithachamod3031@gmail.com', 750),
	(208, 23, 1, '2023-01-13 13:04:03', 'chalithachamod3031@gmail.com', 400),
	(209, 30, 1, '2023-01-13 13:13:34', 'chalithachamod3031@gmail.com', 850),
	(210, 28, 1, '2023-01-13 13:13:35', 'chalithachamod3031@gmail.com', 750),
	(211, 23, 1, '2023-01-13 13:13:35', 'chalithachamod3031@gmail.com', 400),
	(212, 30, 1, '2023-01-13 13:15:06', 'chalithachamod3031@gmail.com', 850),
	(213, 28, 1, '2023-01-13 13:15:07', 'chalithachamod3031@gmail.com', 750),
	(214, 23, 1, '2023-01-13 13:15:08', 'chalithachamod3031@gmail.com', 400),
	(215, 30, 1, '2023-01-13 13:16:20', 'chalithachamod3031@gmail.com', 850),
	(216, 28, 1, '2023-01-13 13:16:21', 'chalithachamod3031@gmail.com', 750),
	(217, 23, 1, '2023-01-13 13:16:22', 'chalithachamod3031@gmail.com', 400),
	(218, 30, 1, '2023-01-13 13:18:14', 'chalithachamod3031@gmail.com', 850),
	(219, 28, 1, '2023-01-13 13:18:14', 'chalithachamod3031@gmail.com', 750),
	(220, 23, 1, '2023-01-13 13:18:15', 'chalithachamod3031@gmail.com', 400),
	(221, 30, 1, '2023-01-13 13:24:35', 'chalithachamod3031@gmail.com', 850),
	(222, 28, 1, '2023-01-13 13:24:36', 'chalithachamod3031@gmail.com', 750),
	(223, 23, 1, '2023-01-13 13:24:37', 'chalithachamod3031@gmail.com', 400),
	(224, 30, 1, '2023-01-13 13:30:43', 'chalithachamod3031@gmail.com', 850),
	(225, 28, 1, '2023-01-13 13:30:43', 'chalithachamod3031@gmail.com', 750),
	(226, 23, 1, '2023-01-13 13:30:44', 'chalithachamod3031@gmail.com', 400),
	(227, 30, 1, '2023-01-13 13:42:28', 'chalithachamod3031@gmail.com', 850),
	(228, 28, 1, '2023-01-13 13:42:29', 'chalithachamod3031@gmail.com', 750),
	(229, 23, 1, '2023-01-13 13:42:29', 'chalithachamod3031@gmail.com', 400),
	(230, 30, 1, '2023-01-13 13:44:42', 'chalithachamod3031@gmail.com', 850),
	(231, 28, 1, '2023-01-13 13:44:43', 'chalithachamod3031@gmail.com', 750),
	(232, 23, 1, '2023-01-13 13:44:44', 'chalithachamod3031@gmail.com', 400),
	(233, 30, 1, '2023-01-13 13:46:01', 'chalithachamod3031@gmail.com', 850),
	(234, 28, 1, '2023-01-13 13:46:01', 'chalithachamod3031@gmail.com', 750),
	(235, 23, 1, '2023-01-13 13:46:02', 'chalithachamod3031@gmail.com', 400),
	(236, 30, 1, '2023-01-13 13:48:36', 'chalithachamod3031@gmail.com', 850),
	(237, 28, 1, '2023-01-13 13:48:36', 'chalithachamod3031@gmail.com', 750),
	(238, 23, 1, '2023-01-13 13:48:37', 'chalithachamod3031@gmail.com', 400),
	(239, 28, 3, '2023-01-13 14:17:24', 'chalithachamod3031@gmail.com', 2540),
	(240, 30, 1, '2023-01-13 14:23:20', 'chalithachamod3031@gmail.com', 850),
	(241, 23, 1, '2023-01-13 14:23:21', 'chalithachamod3031@gmail.com', 400),
	(242, 30, 1, '2023-01-13 14:26:10', 'chalithachamod3031@gmail.com', 850),
	(243, 23, 1, '2023-01-13 14:26:11', 'chalithachamod3031@gmail.com', 400),
	(244, 30, 1, '2023-01-13 14:30:49', 'chalithachamod3031@gmail.com', 850),
	(245, 59, 1, '2023-01-13 14:30:50', 'chalithachamod3031@gmail.com', 100),
	(246, 24, 1, '2023-01-13 14:49:45', 'chalithachamod3031@gmail.com', 2200),
	(247, 25, 1, '2023-01-13 14:49:45', 'chalithachamod3031@gmail.com', 6250),
	(248, 25, 1, '2023-01-13 14:52:26', 'chalithachamod3031@gmail.com', 6250),
	(249, 55, 1, '2023-01-13 14:52:27', 'chalithachamod3031@gmail.com', 360000),
	(250, 59, 1, '2023-01-13 14:58:48', 'chalithachamod3031@gmail.com', 100),
	(251, 59, 1, '2023-01-13 14:59:18', 'chalithachamod3031@gmail.com', 100),
	(252, 59, 1, '2023-01-13 15:00:00', 'chalithachamod3031@gmail.com', 100),
	(253, 59, 1, '2023-01-13 15:00:09', 'chalithachamod3031@gmail.com', 100),
	(254, 59, 1, '2023-01-13 15:00:43', 'chalithachamod3031@gmail.com', 100),
	(255, 59, 1, '2023-01-13 15:01:05', 'chalithachamod3031@gmail.com', 100),
	(256, 59, 1, '2023-01-13 15:01:51', 'chalithachamod3031@gmail.com', 100),
	(257, 59, 1, '2023-01-13 15:03:03', 'chalithachamod3031@gmail.com', 100),
	(258, 58, 1, '2023-01-13 15:03:04', 'chalithachamod3031@gmail.com', 423),
	(259, 24, 1, '2023-01-13 15:03:04', 'chalithachamod3031@gmail.com', 2200),
	(260, 19, 1, '2023-01-13 15:03:05', 'chalithachamod3031@gmail.com', 50000),
	(261, 17, 1, '2023-01-13 15:03:05', 'chalithachamod3031@gmail.com', 180000),
	(262, 7, 1, '2023-01-13 15:03:06', 'chalithachamod3031@gmail.com', 550000),
	(263, 10, 1, '2023-01-16 16:27:14', 'chalithachamod3031@gmail.com', 130290),
	(264, 9, 2, '2023-01-17 00:21:50', 'chalithachamod3031@gmail.com', 500290),
	(265, 68, 1, '2023-01-17 10:07:03', 'chalithachamod3031@gmail.com', 880000),
	(266, 27, 1, '2023-01-17 10:07:04', 'chalithachamod3031@gmail.com', 750),
	(267, 7, 1, '2023-01-17 10:18:40', 'chalithachamod3031@gmail.com', 550290),
	(268, 27, 1, '2023-01-17 16:50:02', 'chalithachamod3031@gmail.com', 750),
	(269, 10, 1, '2023-01-17 16:50:02', 'chalithachamod3031@gmail.com', 130000),
	(270, 30, 1, '2023-01-17 16:50:03', 'chalithachamod3031@gmail.com', 850),
	(271, 68, 1, '2023-01-17 16:53:05', 'chalithachamod3031@gmail.com', 880000),
	(272, 9, 1, '2023-01-17 17:00:41', 'chalithachamod3031@gmail.com', 250290),
	(273, 9, 1, '2023-01-17 17:01:55', 'chalithachamod3031@gmail.com', 250290),
	(274, 68, 1, '2023-01-24 19:40:16', 'chalithachamod3031@gmail.com', 880200),
	(275, 68, 1, '2023-01-26 13:10:46', 'chalithachamod3031@gmail.com', 880200),
	(276, 68, 1, '2023-02-12 13:39:34', 'chalithachamod3031@gmail.com', 880200),
	(277, 8, 1, '2023-04-25 11:40:58', 'chalithachamod3031@gmail.com', 450290),
	(278, 7, 1, '2023-04-25 13:46:59', 'chalithachamod3031@gmail.com', 550290),
	(279, 55, 1, '2023-04-28 19:57:41', 'chalithachamod3031@gmail.com', 360290),
	(280, 8, 1, '2023-04-28 21:14:09', 'chalithachamod3031@gmail.com', 450290),
	(281, 7, 1, '2023-05-06 15:48:08', 'chalithachamod3031@gmail.com', 550290),
	(282, 8, 1, '2023-05-06 20:29:25', 'chalithachamod3031@gmail.com', 450000),
	(283, 7, 1, '2023-05-06 20:29:26', 'chalithachamod3031@gmail.com', 550000),
	(284, 19, 1, '2023-05-06 20:29:26', 'chalithachamod3031@gmail.com', 50000),
	(285, 8, 1, '2023-05-06 20:43:16', 'chalithachamod3031@gmail.com', 450000),
	(286, 7, 1, '2023-05-06 20:43:17', 'chalithachamod3031@gmail.com', 550000),
	(287, 19, 1, '2023-05-06 21:42:36', 'chalithachamod3031@gmail.com', 50290),
	(288, 17, 1, '2023-05-06 22:06:23', 'chalithachamod3031@gmail.com', 180290),
	(289, 17, 1, '2023-05-06 22:08:12', 'chalithachamod3031@gmail.com', 180050),
	(290, 18, 1, '2023-05-06 23:07:08', 'chalithachamod3031@gmail.com', 220050),
	(291, 18, 1, '2023-05-06 23:08:34', 'chalithachamod3031@gmail.com', 220050),
	(292, 22, 1, '2023-05-06 23:42:49', 'chalithachamod3031@gmail.com', 2400),
	(293, 23, 1, '2023-05-06 23:42:49', 'chalithachamod3031@gmail.com', 2800),
	(294, 24, 1, '2023-05-06 23:42:49', 'chalithachamod3031@gmail.com', 5000),
	(295, 30, 1, '2023-05-06 23:42:49', 'chalithachamod3031@gmail.com', 5850),
	(296, 29, 1, '2023-05-06 23:51:12', 'chalithachamod3031@gmail.com', 450),
	(297, 30, 1, '2023-05-06 23:51:12', 'chalithachamod3031@gmail.com', 850),
	(298, 27, 1, '2023-05-06 23:51:12', 'chalithachamod3031@gmail.com', 750),
	(299, 39, 1, '2023-05-07 00:11:50', 'chalithachamod3031@gmail.com', 10050),
	(300, 29, 1, '2023-05-07 00:16:06', 'chalithachamod3031@gmail.com', 450),
	(301, 30, 2, '2023-05-07 00:16:06', 'chalithachamod3031@gmail.com', 1700),
	(302, 27, 1, '2023-05-07 00:16:06', 'chalithachamod3031@gmail.com', 750),
	(303, 39, 1, '2023-05-07 00:25:32', 'chalithachamod3031@gmail.com', 10000),
	(304, 23, 1, '2023-05-07 00:25:32', 'chalithachamod3031@gmail.com', 400),
	(305, 28, 1, '2023-05-07 00:25:32', 'chalithachamod3031@gmail.com', 750),
	(306, 27, 1, '2023-05-07 00:31:24', 'chalithachamod3031@gmail.com', 750),
	(307, 28, 1, '2023-05-07 00:31:24', 'chalithachamod3031@gmail.com', 750),
	(308, 29, 1, '2023-05-07 00:31:24', 'chalithachamod3031@gmail.com', 450),
	(309, 30, 1, '2023-05-07 00:31:24', 'chalithachamod3031@gmail.com', 850),
	(310, 28, 1, '2023-05-07 00:40:43', 'chalithachamod3031@gmail.com', 750),
	(311, 28, 2, '2023-05-07 00:41:18', 'chalithachamod3031@gmail.com', 1500),
	(312, 23, 1, '2023-05-07 00:41:18', 'chalithachamod3031@gmail.com', 400),
	(313, 28, 1, '2023-05-07 01:26:01', 'chalithachamod3031@gmail.com', 750),
	(314, 29, 1, '2023-05-07 01:26:01', 'chalithachamod3031@gmail.com', 450),
	(315, 28, 1, '2023-05-07 01:28:36', 'chalithachamod3031@gmail.com', 750),
	(316, 29, 1, '2023-05-07 01:28:36', 'chalithachamod3031@gmail.com', 450),
	(317, 28, 1, '2023-05-07 01:29:29', 'chalithachamod3031@gmail.com', 750),
	(318, 29, 1, '2023-05-07 01:29:29', 'chalithachamod3031@gmail.com', 450),
	(319, 62, 1, '2023-05-07 01:30:34', 'chalithachamod3031@gmail.com', 34),
	(320, 69, 1, '2023-05-07 01:30:34', 'chalithachamod3031@gmail.com', 50000),
	(321, 62, 1, '2023-05-07 01:31:44', 'chalithachamod3031@gmail.com', 34),
	(322, 69, 1, '2023-05-07 01:31:44', 'chalithachamod3031@gmail.com', 50000),
	(323, 62, 1, '2023-05-07 01:32:26', 'chalithachamod3031@gmail.com', 34),
	(324, 69, 1, '2023-05-07 01:32:26', 'chalithachamod3031@gmail.com', 50000),
	(325, 8, 1, '2023-05-07 10:12:50', 'chalithachamod3031@gmail.com', 450050),
	(326, 27, 1, '2023-05-07 11:18:08', 'chalithachamod3031@gmail.com', 750),
	(327, 28, 1, '2023-05-07 11:18:08', 'chalithachamod3031@gmail.com', 750),
	(328, 39, 1, '2023-05-16 20:46:37', 'chalithachamod3031@gmail.com', 10050),
	(329, 55, 1, '2023-05-30 17:13:53', 'chalithachamod3031@gmail.com', 360050),
	(330, 55, 1, '2023-05-30 20:12:14', 'chalithachamod3031@gmail.com', 360050),
	(331, 68, 2, '2023-09-01 10:12:55', 'chamodnadeeshan91@gmail.com', 1760000),
	(332, 69, 1, '2023-09-01 10:12:55', 'chamodnadeeshan91@gmail.com', 50000),
	(333, 39, 1, '2023-09-01 10:12:55', 'chamodnadeeshan91@gmail.com', 10000),
	(334, 68, 1, '2023-09-01 10:17:36', 'chalithachamod3031@gmail.com', 880000),
	(335, 39, 1, '2023-09-01 10:17:36', 'chalithachamod3031@gmail.com', 10000),
	(336, 68, 1, '2023-09-01 10:29:12', 'chalithachamod3031@gmail.com', 880000),
	(337, 9, 1, '2023-09-01 10:29:12', 'chalithachamod3031@gmail.com', 250000),
	(338, 25, 1, '2023-09-01 10:30:11', 'chalithachamod3031@gmail.com', 6250),
	(339, 23, 1, '2023-09-01 10:30:11', 'chalithachamod3031@gmail.com', 400),
	(340, 29, 2, '2023-09-01 10:30:11', 'chalithachamod3031@gmail.com', 900),
	(341, 25, 1, '2023-09-01 10:35:06', 'chalithachamod3031@gmail.com', 6250),
	(342, 23, 1, '2023-09-01 10:35:06', 'chalithachamod3031@gmail.com', 400),
	(343, 29, 2, '2023-09-01 10:35:06', 'chalithachamod3031@gmail.com', 900);

-- Dumping structure for table myproject.product
CREATE TABLE IF NOT EXISTS `product` (
  `id` int NOT NULL AUTO_INCREMENT,
  `category` int NOT NULL,
  `model_has_brand_id` int NOT NULL,
  `colour_id` int NOT NULL,
  `price` double NOT NULL,
  `qty` int NOT NULL,
  `description` text NOT NULL,
  `title` varchar(100) NOT NULL,
  `condition_id` int NOT NULL,
  `status_id` int NOT NULL,
  `user_email` varchar(100) NOT NULL,
  `datetime_added` datetime NOT NULL,
  `delivery_fee_colombo` double NOT NULL,
  `delivery_fee_other` double NOT NULL,
  `blocked` int DEFAULT '0',
  `removed` int DEFAULT '0',
  PRIMARY KEY (`id`),
  KEY `FK_product_colour` (`colour_id`) USING BTREE,
  KEY `FK_product_condition` (`condition_id`),
  KEY `FK_product_user` (`user_email`),
  KEY `FK_product_category` (`category`),
  KEY `FK_product_status` (`status_id`),
  KEY `FK_product_model_has_brand` (`model_has_brand_id`) USING BTREE,
  CONSTRAINT `FK_product_category` FOREIGN KEY (`category`) REFERENCES `category` (`id`),
  CONSTRAINT `FK_product_colour` FOREIGN KEY (`colour_id`) REFERENCES `colour` (`id`),
  CONSTRAINT `FK_product_condition` FOREIGN KEY (`condition_id`) REFERENCES `condition` (`id`),
  CONSTRAINT `FK_product_model_has_brand` FOREIGN KEY (`model_has_brand_id`) REFERENCES `model_has_brand` (`id`),
  CONSTRAINT `FK_product_status` FOREIGN KEY (`status_id`) REFERENCES `status` (`id`)
) ENGINE=InnoDB AUTO_INCREMENT=70 DEFAULT CHARSET=utf8mb4 COLLATE=utf8mb4_0900_ai_ci;

-- Dumping data for table myproject.product: ~45 rows (approximately)
INSERT INTO `product` (`id`, `category`, `model_has_brand_id`, `colour_id`, `price`, `qty`, `description`, `title`, `condition_id`, `status_id`, `user_email`, `datetime_added`, `delivery_fee_colombo`, `delivery_fee_other`, `blocked`, `removed`) VALUES
	(1, 1, 1, 4, 59000, 10, '7.3 Inch Smartphone Reolme7 Mobile Phones 16GB+512GB Android Telephones Cellphone', 'Realme 7', 2, 2, 'admin@gmail.com', '2021-12-24 21:55:10', 50, 290, 0, 0),
	(2, 1, 2, 4, 0, 3, 'OPPO A72 Single-SIM 128GB (GSM Only | No CDMA) Factory Unlocked 4G/LTE Smartphone (Twilight Black) - International Version', 'OPPO A72', 2, 2, 'admin@gmail.com', '2021-12-24 23:24:33', 50, 290, 1, 0),
	(3, 1, 3, 4, 220000, 2, 'Apple iPhone 12 Pro, 256GB, Pacific Blue - Unlocked (Renewed Premium)', 'Iphone 12 Pro', 1, 1, 'admin@gmail.com', '2021-12-24 22:18:46', 50, 290, 0, 0),
	(4, 1, 4, 1, 180000, 1, 'Asus ROG Phone 3 256GB 12GB RAM 5G ZS661KS / I003DD SD865+ Tencent Version - Black', 'ASUS ROG 3', 1, 1, 'admin@gmail.com', '2021-12-24 22:30:45', 50, 290, 0, 0),
	(5, 1, 5, 7, 99000, 4, 'OnePlus 8T | 5G Unlocked Android Smartphone | A Days Power in 15 Minutes | Ultra Smooth 120Hz Display | 48MP Quad Camera | 256GB, Aquamarine Green | U.S. Version', 'OnePlus 8T', 1, 1, 'admin@gmail.com', '2021-12-24 22:49:05', 50, 290, 0, 0),
	(6, 2, 6, 1, 280000, 4, 'Acer Predator Helios 300 PH315-54-760S Gaming Laptop | Intel i7-11800H | NVIDIA GeForce RTX 3060 Laptop GPU | 15.6" Full HD 144Hz 3ms IPS Display | 16GB DDR4 | 512GB SSD | Killer WiFi 6 | RGB Keyboard', 'Acer', 1, 1, 'admin@gmail.com', '2021-12-24 23:38:52', 50, 290, 0, 0),
	(7, 2, 7, 1, 550000, 2, 'MSI GE76 Raider 17.3" 360Hz FHD Display, Intel Core i7-11800H, NVIDIA GeForce RTX3080, 32GB, 1TB NVMe SSD, Win10 ,Titanium Blue (11UH-245)', 'MSI', 1, 1, 'admin@gmail.com', '2021-12-24 23:40:47', 50, 290, 0, 0),
	(8, 2, 8, 1, 450000, 0, 'ASUS ROG Zephyrus Duo SE 15 Gaming Laptop, 15.6 300Hz IPS Type FHD Display, NVIDIA GeForce RTX 3060, AMD Ryzen 9 5980HX, 16GB DDR4, 1TB PCIe SSD, Per-Key RGB Keyboard, Windows 10 Home, GX551QM-ES96', 'ASUS ROG', 1, 1, 'admin@gmail.com', '2021-12-25 00:27:56', 50, 290, 0, 0),
	(9, 2, 9, 2, 250000, 3, 'HP Pavilion 15-inch Laptop, 11th Generation Intel Core i7-1165G7, Intel Iris Xe Graphics, 16 GB RAM, 512 GB SSD, Windows 11 Pro (15-eg0025nr, Natural Silver)', 'HP', 1, 1, 'admin@gmail.com', '2021-12-25 01:03:19', 50, 290, 0, 0),
	(10, 2, 10, 1, 130000, 4, 'Dell Inspiron 15 3000 15.6-inch Full HD 11th Gen Intel Core i5-1135G7 12GB 256GB SSD Laptop', 'Dell', 1, 1, 'admin@gmail.com', '2021-12-25 01:09:25', 50, 290, 0, 0),
	(11, 3, 11, 1, 325000, 5, 'Nikon D7500 DSLR Camera with 18-140mm Lens', 'Nikon Camera', 1, 1, 'admin@gmail.com', '2021-12-25 11:18:24', 50, 290, 0, 0),
	(12, 3, 12, 1, 840000, 3, 'Canon EOS 5D Mark IV DSLR Camera with 24-70mm f/4L Lens', 'Canon Camera', 1, 1, 'admin@gmail.com', '2021-12-25 11:24:27', 50, 290, 0, 0),
	(13, 3, 13, 1, 740000, 4, 'Nikon D850 DSLR Camera with NIKKOR 24-120mm f/4G', 'Nikon D850', 1, 1, 'admin@gmail.com', '2021-12-25 11:42:03', 50, 290, 0, 0),
	(14, 3, 14, 1, 156000, 4, 'Nikon D5600 DSLR Camera (Body Only)', 'Nikon D5600', 1, 1, 'admin@gmail.com', '2021-12-25 11:52:43', 50, 290, 0, 0),
	(15, 3, 15, 1, 150000, 1, 'Canon EOS 77D DSLR Camera (Body Only)', 'Canon EOS 77D', 1, 1, 'admin@gmail.com', '2021-12-25 11:56:25', 50, 290, 0, 0),
	(16, 4, 16, 2, 1180000, 2, '3-Axis Gimbal with Dual Cameras / 20MP 5.1K Wide-Angle 4/3 CMOS Hasselblad / Up to 46 Minutes of Flight Time', 'DJI Mavic 3 ', 1, 1, 'admin@gmail.com', '2021-12-25 12:06:13', 50, 290, 0, 0),
	(17, 4, 17, 2, 180000, 2, 'Eachine EX5 5G WIFI 1KM FPV GPS With 4K HD Camera Servo Gimbal 30mins Flight Time 229g Foldable RC Drone Quadcopter RTF - 5G WIFI One Battery 1000m Without Storage Bag', 'Eachine EX5', 1, 1, 'admin@gmail.com', '2021-12-25 12:12:44', 50, 290, 0, 0),
	(18, 4, 18, 1, 220000, 5, 'JJRC X19 PRO 5G WIFI FPV GPS with 4K HD Dual Camera 2-Axis EIS Gimbal 360 Obstacle Avoidance 25mins Flight Time Brushless RC Drone Quadcopter RTF - One Battery Without Obstacle Avoider', 'JJRC X19 PRO', 1, 1, 'admin@gmail.com', '2021-12-25 12:16:36', 50, 290, 0, 0),
	(19, 4, 19, 1, 50000, 9, 'LS-MIN Mini WiFi FPV with 4K/1080P HD Camera Altitude Hold Mode Foldable RC Drone Quadcopter RTF - Black 1080P One Battery Without Storage Bag', 'LS-MIN Mini', 1, 1, 'admin@gmail.com', '2021-12-25 12:21:40', 50, 290, 0, 0),
	(20, 4, 20, 1, 70000, 12, 'S89 WIFI FPV with 4K Dual Camera Air Pressure Altitude Hold Gravity Sensing Foldable RC Quadcopter RTF - Black One Battery', 'S89 Mini Drone', 1, 1, 'admin@gmail.com', '2021-12-25 12:24:54', 50, 290, 0, 0),
	(21, 5, 21, 1, 2100, 15, 'Gaming Keyboard Mouse Combo JEDEL GK110+', 'Mouse Keyboard', 1, 1, 'admin@gmail.com', '2021-12-25 12:36:20', 50, 290, 0, 0),
	(22, 5, 22, 1, 2400, 3, 'Fantech K511 Hunter Pro Gaming Keyboard', 'Gaming Keyboard', 1, 1, 'admin@gmail.com', '2021-12-25 12:41:20', 50, 290, 0, 0),
	(23, 5, 23, 1, 400, 3, 'USB Mouse M20 for PC and Laptops', 'USB  Mouse', 1, 1, 'admin@gmail.com', '2021-12-25 12:45:57', 50, 290, 0, 0),
	(24, 5, 24, 1, 2200, 4, 'Fantech X9 Thor Gaming Mouse', 'Gaming Mouse', 1, 1, 'admin@gmail.com', '2021-12-25 12:47:43', 50, 290, 0, 0),
	(25, 5, 25, 8, 6250, 0, 'Logitech M235 Wireless Mouse, 2.4 GHz with USB Unifying Receiver, 1000 DPI Optical Tracking, 12 Month Life Battery, PC / Mac / Laptop - Grey', 'Wireless Mouse', 1, 1, 'admin@gmail.com', '2021-12-25 12:56:20', 50, 290, 0, 0),
	(26, 6, 26, 9, 450, 18, 'Ultra Thin Lens Protection Transparent Case For iPhone 13, Soft Clear Silicone Case Back Cover For iPhone13 Pro Max Mini 12 11', 'iPhone  Cover', 1, 1, 'admin@gmail.com', '2021-12-25 13:10:42', 50, 290, 0, 0),
	(27, 6, 27, 1, 750, 1, 'Manufacturing mobile phone accessories back cover for Samsung s21 Car Shockproof Mobile Phone Case For iphone 12 11 huawei Cover', 'Samsung  Cover', 1, 1, 'admin@gmail.com', '2021-12-25 13:15:11', 50, 290, 0, 0),
	(28, 6, 28, 2, 750, 4, 'For Redmi 9 Matte Back Cover Soft Edge Full Cover with Magnetic Holder Stand Mobile Phone Case for Xiaomi for Redmi 9C', 'Redmi 9 Cover', 1, 1, 'admin@gmail.com', '2021-12-25 13:19:53', 50, 290, 0, 0),
	(29, 6, 29, 9, 450, 0, 'Transparent Mobile Phone Case Back Cover For Vivo Y20 Y50 Y30 X21 Y17 Y3 Y12 X50 Pro V20 X50e 5G Y51 2020 Y70s Y20A', 'VIVO Cover', 1, 1, 'admin@gmail.com', '2021-12-25 13:25:16', 50, 290, 0, 0),
	(30, 6, 30, 2, 850, 2, 'Creative back cover tpu shockproof black white 3D Cute cat phone case for iPhone 11 12 13 pro max furry warm Plush Cover', 'Cat Phone Case', 1, 1, 'admin@gmail.com', '2021-12-25 13:31:48', 50, 290, 0, 0),
	(39, 1, 1, 1, 10000, 4, 'good', 'phone', 1, 1, 'admin@gmail.com', '2022-01-16 13:31:09', 50, 290, 0, 0),
	(55, 1, 31, 4, 360000, 0, 'The best price of Apple iPhone 13 Pro Max in Sri Lanka is Rs. 306,000 sold at Present Solution with 1 Year Company Warranty.\r\nApple iPhone 13 Pro Max is Also Known as A2643\r\nLTE\r\n6GB RAM\r\n128GB Storage\r\n5G', 'Apple 12 Pro Max', 1, 1, 'admin@gmail.com', '2022-03-13 23:34:21', 50, 290, 0, 0),
	(56, 3, 12, 1, 343242, 3, 'redccdd', 'sdfds', 1, 1, 'admin@gmail.com', '2023-01-08 23:31:52', 50, 290, 1, 0),
	(57, 3, 3, 1, 1.111111111111111e37, 114, 'ffcfcccc', 'aaaaaaaaaaaaaaaaaaaaaaaaa', 1, 1, 'admin@gmail.com', '2023-01-08 23:34:50', 50, 290, 1, 0),
	(58, 5, 24, 5, 423, 2, 'dcxf', 'ccffg', 2, 1, 'admin@gmail.com', '2023-01-08 23:49:10', 50, 290, 1, 1),
	(59, 6, 18, 3, 100, 1595, 'hjbhj', 'chalitha chamod', 1, 1, 'admin@gmail.com', '2023-01-09 21:17:57', 50, 290, 1, 1),
	(60, 1, 3, 3, 80000, 3, 'best condistion', 'aplle', 2, 1, 'admin@gmail.com', '2023-01-15 20:18:24', 50, 290, 1, 0),
	(62, 2, 7, 1, 34, 3, 'f', 'msa', 1, 1, 'admin@gmail.com', '2023-01-16 01:03:58', 50, 290, 0, 1),
	(63, 3, 13, 1, 4, 5, 'kj', 'nbj', 1, 1, 'admin@gmail.com', '2023-01-16 01:06:07', 50, 290, 1, 0),
	(64, 4, 14, 1, 4, 4, 'h', 'fs', 1, 1, 'admin@gmail.com', '2023-01-16 01:08:13', 50, 290, 1, 0),
	(65, 1, 3, 1, 77, 77, 'kkk', 'ap', 1, 1, 'admin@gmail.com', '2023-01-16 01:14:15', 50, 290, 1, 0),
	(66, 1, 3, 1, 77, 77, 'kkk', 'ap', 1, 1, 'admin@gmail.com', '2023-01-16 01:14:46', 50, 290, 1, 1),
	(67, 1, 5, 1, 8, 8, 'll', 'p', 1, 1, 'admin@gmail.com', '2023-01-16 01:17:45', 50, 290, 1, 0),
	(68, 1, 5, 1, 880000, 3, '8GB RAM\r\n128 ROM\r\n6000mha bttery', 'OnePlus', 1, 1, 'admin@gmail.com', '2023-01-17 00:25:54', 50, 290, 0, 0),
	(69, 1, 3, 1, 50000, 9, 'patta', 'phoneeee', 1, 1, 'admin@gmail.com', '2023-05-06 15:56:27', 50, 290, 0, 0);

-- Dumping structure for table myproject.profile_img
CREATE TABLE IF NOT EXISTS `profile_img` (
  `code` varchar(50) NOT NULL,
  `user_email` varchar(100) CHARACTER SET utf8mb4 COLLATE utf8mb4_0900_ai_ci NOT NULL,
  PRIMARY KEY (`code`),
  KEY `FK__user` (`user_email`),
  CONSTRAINT `FK__user` FOREIGN KEY (`user_email`) REFERENCES `user` (`email`)
) ENGINE=InnoDB DEFAULT CHARSET=utf8mb4 COLLATE=utf8mb4_0900_ai_ci;

-- Dumping data for table myproject.profile_img: ~3 rows (approximately)
INSERT INTO `profile_img` (`code`, `user_email`) VALUES
	('resources//profiles//645ba0993febb.jpeg', 'abcdef@gmail.com'),
	('resources//profiles//646cc5dbe16f5.jpeg', 'chalithachamod3031@gmail.com'),
	('resources//profiles//61d4970224916.jpeg', 'chamodnadeeshan91@gmail.com');

-- Dumping structure for table myproject.province
CREATE TABLE IF NOT EXISTS `province` (
  `id` int NOT NULL AUTO_INCREMENT,
  `name` varchar(50) CHARACTER SET utf8mb4 COLLATE utf8mb4_0900_ai_ci DEFAULT NULL,
  PRIMARY KEY (`id`)
) ENGINE=InnoDB AUTO_INCREMENT=10 DEFAULT CHARSET=utf8mb4 COLLATE=utf8mb4_0900_ai_ci;

-- Dumping data for table myproject.province: ~9 rows (approximately)
INSERT INTO `province` (`id`, `name`) VALUES
	(1, 'Central Province '),
	(2, 'Eastern Province'),
	(3, 'Northern Province'),
	(4, 'Southern Province'),
	(5, 'Western Province'),
	(6, 'North Western Province'),
	(7, 'North Central Province'),
	(8, 'Uva Province'),
	(9, 'Sabaragamuwa Province');

-- Dumping structure for table myproject.recent
CREATE TABLE IF NOT EXISTS `recent` (
  `id` int NOT NULL AUTO_INCREMENT,
  `Product_id` int NOT NULL,
  `user_email` varchar(100) CHARACTER SET utf8mb4 COLLATE utf8mb4_0900_ai_ci NOT NULL,
  PRIMARY KEY (`id`),
  KEY `FK__product` (`Product_id`),
  KEY `FK__user1` (`user_email`),
  CONSTRAINT `FK__product` FOREIGN KEY (`Product_id`) REFERENCES `product` (`id`),
  CONSTRAINT `FK__user1` FOREIGN KEY (`user_email`) REFERENCES `user` (`email`)
) ENGINE=InnoDB AUTO_INCREMENT=186 DEFAULT CHARSET=utf8mb4 COLLATE=utf8mb4_0900_ai_ci;

-- Dumping data for table myproject.recent: ~178 rows (approximately)
INSERT INTO `recent` (`id`, `Product_id`, `user_email`) VALUES
	(1, 2, 'chalithachamod3031@gmail.com'),
	(2, 14, 'chalithachamod3031@gmail.com'),
	(3, 39, 'chalithachamod3031@gmail.com'),
	(4, 55, 'chalithachamod3031@gmail.com'),
	(5, 2, 'chalithachamod3031@gmail.com'),
	(6, 39, 'chalithachamod3031@gmail.com'),
	(7, 55, 'chalithachamod3031@gmail.com'),
	(8, 7, 'chalithachamod3031@gmail.com'),
	(9, 12, 'chalithachamod3031@gmail.com'),
	(10, 16, 'chalithachamod3031@gmail.com'),
	(11, 28, 'chalithachamod3031@gmail.com'),
	(12, 39, 'chalithachamod3031@gmail.com'),
	(13, 8, 'chalithachamod3031@gmail.com'),
	(14, 30, 'chalithachamod3031@gmail.com'),
	(15, 2, 'chalithachamod3031@gmail.com'),
	(16, 55, 'chalithachamod3031@gmail.com'),
	(17, 28, 'chalithachamod3031@gmail.com'),
	(18, 24, 'chalithachamod3031@gmail.com'),
	(19, 26, 'chalithachamod3031@gmail.com'),
	(20, 9, 'chalithachamod3031@gmail.com'),
	(21, 8, 'chalithachamod3031@gmail.com'),
	(22, 11, 'chalithachamod3031@gmail.com'),
	(23, 4, 'chalithachamod3031@gmail.com'),
	(24, 6, 'chalithachamod3031@gmail.com'),
	(25, 11, 'chalithachamod3031@gmail.com'),
	(26, 55, 'chalithachamod3031@gmail.com'),
	(27, 19, 'chalithachamod3031@gmail.com'),
	(28, 55, 'chalithachamod3031@gmail.com'),
	(29, 8, 'chalithachamod3031@gmail.com'),
	(30, 4, 'chalithachamod3031@gmail.com'),
	(31, 6, 'chalithachamod3031@gmail.com'),
	(32, 55, 'chalithachamod3031@gmail.com'),
	(33, 2, 'chalithachamod3031@gmail.com'),
	(35, 4, 'chalithachamod3031@gmail.com'),
	(36, 21, 'chalithachamod3031@gmail.com'),
	(37, 11, 'chalithachamod3031@gmail.com'),
	(38, 6, 'chalithachamod3031@gmail.com'),
	(39, 18, 'chalithachamod3031@gmail.com'),
	(40, 4, 'chalithachamod3031@gmail.com'),
	(41, 16, 'chalithachamod3031@gmail.com'),
	(42, 14, 'chalithachamod3031@gmail.com'),
	(43, 18, 'chalithachamod3031@gmail.com'),
	(44, 55, 'chalithachamod3031@gmail.com'),
	(45, 11, 'chalithachamod3031@gmail.com'),
	(46, 26, 'chalithachamod3031@gmail.com'),
	(47, 30, 'chalithachamod3031@gmail.com'),
	(48, 39, 'chalithachamod3031@gmail.com'),
	(49, 2, 'chalithachamod3031@gmail.com'),
	(50, 4, 'chalithachamod3031@gmail.com'),
	(51, 7, 'chalithachamod3031@gmail.com'),
	(52, 2, 'chalithachamod3031@gmail.com'),
	(53, 39, 'chalithachamod3031@gmail.com'),
	(54, 7, 'chalithachamod3031@gmail.com'),
	(55, 7, 'chalithachamod3031@gmail.com'),
	(56, 9, 'chalithachamod3031@gmail.com'),
	(57, 39, 'chalithachamod3031@gmail.com'),
	(58, 28, 'chalithachamod3031@gmail.com'),
	(59, 2, 'chalithachamod3031@gmail.com'),
	(60, 39, 'chalithachamod3031@gmail.com'),
	(61, 2, 'chalithachamod3031@gmail.com'),
	(62, 30, 'chalithachamod3031@gmail.com'),
	(63, 19, 'chalithachamod3031@gmail.com'),
	(64, 55, 'chalithachamod3031@gmail.com'),
	(65, 30, 'chalithachamod3031@gmail.com'),
	(66, 39, 'chalithachamod3031@gmail.com'),
	(67, 9, 'chalithachamod3031@gmail.com'),
	(68, 9, 'chalithachamod3031@gmail.com'),
	(69, 39, 'chalithachamod3031@gmail.com'),
	(70, 55, 'chalithachamod3031@gmail.com'),
	(71, 2, 'chalithachamod3031@gmail.com'),
	(72, 2, 'chalithachamod3031@gmail.com'),
	(73, 17, 'chalithachamod3031@gmail.com'),
	(74, 25, 'chalithachamod3031@gmail.com'),
	(75, 28, 'chalithachamod3031@gmail.com'),
	(76, 10, 'chalithachamod3031@gmail.com'),
	(77, 20, 'chalithachamod3031@gmail.com'),
	(78, 22, 'chalithachamod3031@gmail.com'),
	(79, 24, 'chalithachamod3031@gmail.com'),
	(80, 30, 'chalithachamod3031@gmail.com'),
	(81, 2, 'chalithachamod3031@gmail.com'),
	(82, 55, 'chalithachamod3031@gmail.com'),
	(83, 2, 'chalithachamod3031@gmail.com'),
	(84, 55, 'chalithachamod3031@gmail.com'),
	(85, 2, 'chalithachamod3031@gmail.com'),
	(86, 55, 'chalithachamod3031@gmail.com'),
	(87, 7, 'chalithachamod3031@gmail.com'),
	(88, 10, 'chalithachamod3031@gmail.com'),
	(89, 15, 'chalithachamod3031@gmail.com'),
	(90, 12, 'chalithachamod3031@gmail.com'),
	(91, 14, 'chalithachamod3031@gmail.com'),
	(92, 2, 'chalithachamod3031@gmail.com'),
	(93, 8, 'chalithachamod3031@gmail.com'),
	(94, 9, 'chalithachamod3031@gmail.com'),
	(95, 12, 'chalithachamod3031@gmail.com'),
	(96, 39, 'chalithachamod3031@gmail.com'),
	(97, 24, 'chalithachamod3031@gmail.com'),
	(98, 20, 'chalithachamod3031@gmail.com'),
	(99, 7, 'chalithachamod3031@gmail.com'),
	(100, 8, 'chalithachamod3031@gmail.com'),
	(101, 7, 'chalithachamod3031@gmail.com'),
	(102, 9, 'chalithachamod3031@gmail.com'),
	(103, 24, 'chalithachamod3031@gmail.com'),
	(104, 8, 'chalithachamod3031@gmail.com'),
	(105, 19, 'chalithachamod3031@gmail.com'),
	(106, 10, 'chalithachamod3031@gmail.com'),
	(107, 9, 'chalithachamod3031@gmail.com'),
	(108, 57, 'chalithachamod3031@gmail.com'),
	(109, 4, 'chalithachamod3031@gmail.com'),
	(110, 7, 'chalithachamod3031@gmail.com'),
	(111, 30, 'chalithachamod3031@gmail.com'),
	(112, 25, 'chalithachamod3031@gmail.com'),
	(113, 59, 'chalithachamod3031@gmail.com'),
	(114, 58, 'chalithachamod3031@gmail.com'),
	(115, 30, 'chalithachamod3031@gmail.com'),
	(116, 25, 'chalithachamod3031@gmail.com'),
	(117, 30, 'chalithachamod3031@gmail.com'),
	(118, 28, 'chalithachamod3031@gmail.com'),
	(119, 58, 'chalithachamod3031@gmail.com'),
	(120, 59, 'chalithachamod3031@gmail.com'),
	(121, 58, 'chalithachamod3031@gmail.com'),
	(122, 24, 'chalithachamod3031@gmail.com'),
	(123, 25, 'chalithachamod3031@gmail.com'),
	(124, 55, 'chalithachamod3031@gmail.com'),
	(125, 56, 'chalithachamod3031@gmail.com'),
	(126, 30, 'chalithachamod3031@gmail.com'),
	(127, 59, 'chalithachamod3031@gmail.com'),
	(128, 58, 'chalithachamod3031@gmail.com'),
	(129, 23, 'chalithachamod3031@gmail.com'),
	(130, 28, 'chalithachamod3031@gmail.com'),
	(131, 23, 'chalithachamod3031@gmail.com'),
	(132, 30, 'chalithachamod3031@gmail.com'),
	(133, 55, 'chalithachamod3031@gmail.com'),
	(134, 59, 'chalithachamod3031@gmail.com'),
	(135, 24, 'chalithachamod3031@gmail.com'),
	(136, 25, 'chalithachamod3031@gmail.com'),
	(137, 55, 'chalithachamod3031@gmail.com'),
	(138, 1, 'chalithachamod3031@gmail.com'),
	(139, 59, 'chalithachamod3031@gmail.com'),
	(140, 58, 'chalithachamod3031@gmail.com'),
	(141, 24, 'chalithachamod3031@gmail.com'),
	(142, 19, 'chalithachamod3031@gmail.com'),
	(143, 17, 'chalithachamod3031@gmail.com'),
	(144, 7, 'chalithachamod3031@gmail.com'),
	(145, 9, 'chalithachamod3031@gmail.com'),
	(146, 68, 'chalithachamod3031@gmail.com'),
	(147, 27, 'chalithachamod3031@gmail.com'),
	(148, 10, 'chalithachamod3031@gmail.com'),
	(149, 30, 'chalithachamod3031@gmail.com'),
	(150, 55, 'chalithachamod3031@gmail.com'),
	(151, 55, 'chalithachamod3031@gmail.com'),
	(152, 9, 'chalithachamod3031@gmail.com'),
	(153, 7, 'chalithachamod3031@gmail.com'),
	(154, 23, 'chalithachamod3031@gmail.com'),
	(155, 68, 'chalithachamod3031@gmail.com'),
	(156, 10, 'chalithachamod3031@gmail.com'),
	(157, 10, 'chalithachamod3031@gmail.com'),
	(158, 19, 'chalithachamod3031@gmail.com'),
	(159, 18, 'chalithachamod3031@gmail.com'),
	(160, 19, 'chalithachamod3031@gmail.com'),
	(161, 7, 'chalithachamod3031@gmail.com'),
	(162, 8, 'chalithachamod3031@gmail.com'),
	(163, 22, 'chalithachamod3031@gmail.com'),
	(164, 29, 'chalithachamod3031@gmail.com'),
	(165, 27, 'chalithachamod3031@gmail.com'),
	(166, 24, 'chalithachamod3031@gmail.com'),
	(167, 25, 'chalithachamod3031@gmail.com'),
	(168, 24, 'chalithachamod3031@gmail.com'),
	(169, 22, 'chalithachamod3031@gmail.com'),
	(170, 27, 'chalithachamod3031@gmail.com'),
	(171, 25, 'chalithachamod3031@gmail.com'),
	(172, 22, 'chalithachamod3031@gmail.com'),
	(173, 29, 'chalithachamod3031@gmail.com'),
	(174, 62, 'chalithachamod3031@gmail.com'),
	(175, 14, 'chalithachamod3031@gmail.com'),
	(176, 20, 'chalithachamod3031@gmail.com'),
	(177, 68, 'chalithachamod3031@gmail.com'),
	(178, 13, 'chalithachamod3031@gmail.com'),
	(179, 10, 'chalithachamod3031@gmail.com'),
	(180, 68, 'chamodnadeeshan91@gmail.com'),
	(181, 7, 'chalithachamod3031@gmail.com'),
	(182, 39, 'chalithachamod3031@gmail.com'),
	(183, 55, 'chalithachamod3031@gmail.com'),
	(184, 9, 'chalithachamod3031@gmail.com'),
	(185, 68, 'chalithachamod3031@gmail.com');

-- Dumping structure for table myproject.status
CREATE TABLE IF NOT EXISTS `status` (
  `id` int NOT NULL AUTO_INCREMENT,
  `name` varchar(50) CHARACTER SET utf8mb4 COLLATE utf8mb4_0900_ai_ci NOT NULL,
  PRIMARY KEY (`id`)
) ENGINE=InnoDB AUTO_INCREMENT=3 DEFAULT CHARSET=utf8mb4 COLLATE=utf8mb4_0900_ai_ci;

-- Dumping data for table myproject.status: ~2 rows (approximately)
INSERT INTO `status` (`id`, `name`) VALUES
	(1, 'Active'),
	(2, 'Deactive');

-- Dumping structure for table myproject.user
CREATE TABLE IF NOT EXISTS `user` (
  `fname` varchar(50) NOT NULL,
  `lname` varchar(50) NOT NULL,
  `email` varchar(100) NOT NULL,
  `gender` int NOT NULL,
  `password` varchar(150) CHARACTER SET utf8mb4 COLLATE utf8mb4_0900_ai_ci NOT NULL,
  `mobile` varchar(10) NOT NULL,
  `register_date` datetime DEFAULT NULL,
  `verification_code` varchar(20) DEFAULT NULL,
  PRIMARY KEY (`email`),
  KEY `gender` (`gender`),
  CONSTRAINT `FK_user_gender` FOREIGN KEY (`gender`) REFERENCES `gender` (`id`) ON DELETE RESTRICT ON UPDATE RESTRICT
) ENGINE=InnoDB DEFAULT CHARSET=utf8mb4 COLLATE=utf8mb4_0900_ai_ci;

-- Dumping data for table myproject.user: ~4 rows (approximately)
INSERT INTO `user` (`fname`, `lname`, `email`, `gender`, `password`, `mobile`, `register_date`, `verification_code`) VALUES
	('abc', 'def', 'abcdef@gmail.com', 2, '8d969eef6ecad3c29a3a629280e686cf0c3f5d5a86aff3ca12020c923adc6c92', '0711234567', '2023-05-08 12:40:01', NULL),
	('Prasanna', 'Sampath', 'chalithachamod3031@gmail.com', 1, '8d969eef6ecad3c29a3a629280e686cf0c3f5d5a86aff3ca12020c923adc6c92', '0713772006', '2021-12-08 16:12:07', '61c95a8c05210'),
	('abc', 'def', 'chalithachamod31@gmail.com', 1, '12', 'e2222', '2023-01-08 20:32:59', NULL),
	('kashmi', 'irodha', 'chamodnadeeshan91@gmail.com', 2, '123456', '0785167588', '2021-12-30 12:44:36', NULL);

-- Dumping structure for table myproject.user_has_address
CREATE TABLE IF NOT EXISTS `user_has_address` (
  `id` int NOT NULL AUTO_INCREMENT,
  `line1` text CHARACTER SET utf8mb4 COLLATE utf8mb4_0900_ai_ci NOT NULL,
  `line2` text CHARACTER SET utf8mb4 COLLATE utf8mb4_0900_ai_ci NOT NULL,
  `user_email` varchar(100) NOT NULL,
  `city_id` int NOT NULL,
  PRIMARY KEY (`id`),
  KEY `FK_user_has_address_user` (`user_email`),
  KEY `FK_user_has_address_city` (`city_id`),
  CONSTRAINT `FK_user_has_address_city` FOREIGN KEY (`city_id`) REFERENCES `city` (`id`),
  CONSTRAINT `FK_user_has_address_user` FOREIGN KEY (`user_email`) REFERENCES `user` (`email`)
) ENGINE=InnoDB AUTO_INCREMENT=7 DEFAULT CHARSET=utf8mb4 COLLATE=utf8mb4_0900_ai_ci;

-- Dumping data for table myproject.user_has_address: ~3 rows (approximately)
INSERT INTO `user_has_address` (`id`, `line1`, `line2`, `user_email`, `city_id`) VALUES
	(2, 'Pinnagollawaththa ,Maharachchimull, Alawwa', 'Maharachchimull', 'chalithachamod3031@gmail.com', 4),
	(3, 'badulla', 'haliela', 'chamodnadeeshan91@gmail.com', 2),
	(6, 'Kurunegala Road', 'Alawwa', 'abcdef@gmail.com', 1);

-- Dumping structure for table myproject.watchlist
CREATE TABLE IF NOT EXISTS `watchlist` (
  `id` int NOT NULL AUTO_INCREMENT,
  `product_id` int NOT NULL,
  `user_email` varchar(50) CHARACTER SET utf8mb4 COLLATE utf8mb4_0900_ai_ci NOT NULL,
  PRIMARY KEY (`id`),
  KEY `FK_watchlist_product` (`product_id`),
  KEY `FK_watchlist_user` (`user_email`),
  CONSTRAINT `FK_watchlist_product` FOREIGN KEY (`product_id`) REFERENCES `product` (`id`),
  CONSTRAINT `FK_watchlist_user` FOREIGN KEY (`user_email`) REFERENCES `user` (`email`)
) ENGINE=InnoDB AUTO_INCREMENT=103 DEFAULT CHARSET=utf8mb4 COLLATE=utf8mb4_0900_ai_ci;

-- Dumping data for table myproject.watchlist: ~0 rows (approximately)

/*!40103 SET TIME_ZONE=IFNULL(@OLD_TIME_ZONE, 'system') */;
/*!40101 SET SQL_MODE=IFNULL(@OLD_SQL_MODE, '') */;
/*!40014 SET FOREIGN_KEY_CHECKS=IFNULL(@OLD_FOREIGN_KEY_CHECKS, 1) */;
/*!40101 SET CHARACTER_SET_CLIENT=@OLD_CHARACTER_SET_CLIENT */;
/*!40111 SET SQL_NOTES=IFNULL(@OLD_SQL_NOTES, 1) */;
